route_id,stop_order,stop_id,stop_name,lat,lng
d493d9ef-7628-4116-bbec-adb2d208bbe5,0,6eb4b1a7-82ac-43ae-92ed-422f44b5a79c,Morewood Gardens Turn-around,40.445417,-79.942778
d493d9ef-7628-4116-bbec-adb2d208bbe5,1,aae90932-676a-4c7e-b783-af8003a1af1d,4615 Forbes Avenue,40.444501,-79.947786
d493d9ef-7628-4116-bbec-adb2d208bbe5,2,689c721e-7080-426e-80fb-4ab48d3a98a5,S. Dithridge St. at Winthrop St.,40.445707,-79.95043
d493d9ef-7628-4116-bbec-adb2d208bbe5,3,c4f7f203-a459-4c2d-afea-1964b213e90a,N. Dithridge St. at St. Paul's Rectory,40.447194,-79.950694
d493d9ef-7628-4116-bbec-adb2d208bbe5,4,0900afc3-0cc6-45e2-a877-cbe3fa10d1ea,N. Dithridge St. at Bayard St.,40.448866,-79.951694
d493d9ef-7628-4116-bbec-adb2d208bbe5,5,4c93e337-57ad-44de-aa9c-d82b306298d4,N. Dithridge St. at Centre Ave.,40.4514290495499,-79.9534203396948
d493d9ef-7628-4116-bbec-adb2d208bbe5,6,311fdadc-d1b5-4e22-9521-7c109729feee,Centre Ave. at Melwood Ave.,40.452248,-79.950847
d493d9ef-7628-4116-bbec-adb2d208bbe5,7,1a043dcc-bb72-401f-8832-e61cda03bbc6,Centre Ave. at N. Neville St.,40.452536,-79.949957
d493d9ef-7628-4116-bbec-adb2d208bbe5,8,dd3016be-ebf8-4a54-8851-babe2018ee10,Centre Ave. at Devonshire St.,40.453417,-79.946694
d493d9ef-7628-4116-bbec-adb2d208bbe5,9,7522808f-0db4-4475-a235-949382763cf9,Centre Ave. at Morewood Ave.,40.454156,-79.944462
d493d9ef-7628-4116-bbec-adb2d208bbe5,10,774b4ab9-f53c-4f89-a4e3-a54d2b441687,Centre Ave. at Cypress St.,40.45503,-79.941477
d493d9ef-7628-4116-bbec-adb2d208bbe5,11,c938f7c8-5312-4d53-a949-93de07d75878,Centre Ave. at S. Aiken Ave.,40.455902,-79.938577
d493d9ef-7628-4116-bbec-adb2d208bbe5,12,b4408b9c-cad1-4f84-b91e-dcc1a24f76fc,Centre Ave. at S. Graham St.,40.4564927285,-79.9365547963
d493d9ef-7628-4116-bbec-adb2d208bbe5,13,0617602e-abc9-4063-ab36-43afd002494f,Centre Ave. at S. Negley Ave.,40.457028,-79.934694
d493d9ef-7628-4116-bbec-adb2d208bbe5,14,2987ba0b-ae93-47b5-854d-37adf49426e3,S. Negley Ave. at PRT E. Busway,40.456083,-79.933333
d493d9ef-7628-4116-bbec-adb2d208bbe5,15,eb44021a-5557-4142-bdcd-cc946d1e0203,S. Negley Ave. at Ellsworth Ave.,40.454733,-79.932548
d493d9ef-7628-4116-bbec-adb2d208bbe5,16,fe91e07a-ad9b-4917-a0ea-fc1e7b5628b1,S. Negley Ave. at Elmer St.,40.453415,-79.931761
d493d9ef-7628-4116-bbec-adb2d208bbe5,17,68a9aef8-ca58-492e-af12-da53fbbe925f,S. Negley Ave. at Walnut St.,40.452063,-79.930957
d493d9ef-7628-4116-bbec-adb2d208bbe5,18,615f6abf-a1d4-4679-a8dc-140f707e84b5,S. Negley Ave. at Howe St.,40.451201,-79.930458
d493d9ef-7628-4116-bbec-adb2d208bbe5,19,da8b446b-4f2f-4789-913a-f8121c569fd1,S. Negley Ave. at Fifth Ave.,40.449827,-79.929649
d493d9ef-7628-4116-bbec-adb2d208bbe5,20,84e3df51-1618-4430-9723-e7a58b9532bf,Fifth Ave. at Bellefonte St.,40.448918,-79.932547
d493d9ef-7628-4116-bbec-adb2d208bbe5,21,b953e313-52af-41ea-97cc-4f6b3f37614b,Fifth Ave. at S. Aiken Ave.,40.448402,-79.934211
d493d9ef-7628-4116-bbec-adb2d208bbe5,22,cc2eb61a-f787-484e-af8f-328d7920ba0d,Fifth Ave. at Wilkins Ave.,40.447917,-79.936889
967e607e-34fd-4451-a33f-01d4b8157cd3,0,6eb4b1a7-82ac-43ae-92ed-422f44b5a79c,Morewood Gardens Turn-around,40.445417,-79.942778
967e607e-34fd-4451-a33f-01d4b8157cd3,1,aae90932-676a-4c7e-b783-af8003a1af1d,4615 Forbes Avenue,40.444501,-79.947786
967e607e-34fd-4451-a33f-01d4b8157cd3,2,689c721e-7080-426e-80fb-4ab48d3a98a5,S. Dithridge St. at Winthrop St.,40.445707,-79.95043
967e607e-34fd-4451-a33f-01d4b8157cd3,3,c4f7f203-a459-4c2d-afea-1964b213e90a,N. Dithridge St. at St. Paul's Rectory,40.447194,-79.950694
967e607e-34fd-4451-a33f-01d4b8157cd3,4,0900afc3-0cc6-45e2-a877-cbe3fa10d1ea,N. Dithridge St. at Bayard St.,40.448866,-79.951694
967e607e-34fd-4451-a33f-01d4b8157cd3,5,4c93e337-57ad-44de-aa9c-d82b306298d4,N. Dithridge St. at Centre Ave.,40.4514290495499,-79.9534203396948
967e607e-34fd-4451-a33f-01d4b8157cd3,6,311fdadc-d1b5-4e22-9521-7c109729feee,Centre Ave. at Melwood Ave.,40.452248,-79.950847
967e607e-34fd-4451-a33f-01d4b8157cd3,7,1a043dcc-bb72-401f-8832-e61cda03bbc6,Centre Ave. at N. Neville St.,40.452536,-79.949957
967e607e-34fd-4451-a33f-01d4b8157cd3,8,dd3016be-ebf8-4a54-8851-babe2018ee10,Centre Ave. at Devonshire St.,40.453417,-79.946694
967e607e-34fd-4451-a33f-01d4b8157cd3,9,7522808f-0db4-4475-a235-949382763cf9,Centre Ave. at Morewood Ave.,40.454156,-79.944462
967e607e-34fd-4451-a33f-01d4b8157cd3,10,774b4ab9-f53c-4f89-a4e3-a54d2b441687,Centre Ave. at Cypress St.,40.45503,-79.941477
967e607e-34fd-4451-a33f-01d4b8157cd3,11,c938f7c8-5312-4d53-a949-93de07d75878,Centre Ave. at S. Aiken Ave.,40.455902,-79.938577
967e607e-34fd-4451-a33f-01d4b8157cd3,12,a17b213e-9af7-4769-b8a9-6fc9165d9af3,Ellsworth Ave. at Bellefonte St.,40.453459,-79.935189
967e607e-34fd-4451-a33f-01d4b8157cd3,13,cb25a284-1841-4a23-aa00-4b0dc289d031,Ellsworth Ave. at Ivy St.,40.454232,-79.933564
967e607e-34fd-4451-a33f-01d4b8157cd3,14,eb44021a-5557-4142-bdcd-cc946d1e0203,S. Negley Ave. at Ellsworth Ave.,40.454733,-79.932548
967e607e-34fd-4451-a33f-01d4b8157cd3,15,2987ba0b-ae93-47b5-854d-37adf49426e3,S. Negley Ave. at PRT E. Busway,40.456083,-79.933333
967e607e-34fd-4451-a33f-01d4b8157cd3,16,5f3c1dc0-64e2-491c-af6f-4ccd49ef122c,S. Negley Ave. at Baum Blvd.,40.4579694489438,-79.9339279067459
967e607e-34fd-4451-a33f-01d4b8157cd3,17,a2dbee05-84fd-4951-9c67-115928124323,S. Negley Ave. at Friendship Ave,40.460556,-79.932417
967e607e-34fd-4451-a33f-01d4b8157cd3,18,ad70a020-71d8-47a3-bfc5-be7d0ae182ef,S. Negley Ave. at Penn Ave.,40.463278,-79.930722
967e607e-34fd-4451-a33f-01d4b8157cd3,19,e0863f21-315c-4ead-99de-e3f3a0c6f1cc,Penn Ave. at Whole Foods,40.462472,-79.928056
967e607e-34fd-4451-a33f-01d4b8157cd3,20,4977f8f4-05c2-4721-90f0-cde4ad5a55da,S. Beatty St. at Centre Ave.,40.459417,-79.927611
967e607e-34fd-4451-a33f-01d4b8157cd3,21,a01ee824-2209-4927-8252-532d8c50b9f1,Centre Ave. at Walgreens,40.459361,-79.926861
967e607e-34fd-4451-a33f-01d4b8157cd3,22,c3f86f14-5a3d-438d-91c7-d094c3b87ca6,Centre Ave. at Annie Place,40.460289,-79.923946
967e607e-34fd-4451-a33f-01d4b8157cd3,23,37f01e68-57ab-4386-b38a-811e9f6b9a29,Penn Ave. at Target,40.460083,-79.921528
967e607e-34fd-4451-a33f-01d4b8157cd3,24,17b59b43-c876-4d9c-b1ef-1e14cafee8eb,Shady Ave. at Ellsworth Ave.,40.459306,-79.921944
967e607e-34fd-4451-a33f-01d4b8157cd3,25,49c6247e-131e-4c0b-968e-665e5f320ba3,Shady Ave. at Alder St.,40.456861,-79.922528
967e607e-34fd-4451-a33f-01d4b8157cd3,26,076c69a1-d116-4350-991f-e18676b95b43,Shady Ave. at Walnut St.,40.4559685985748,-79.9226558313223
967e607e-34fd-4451-a33f-01d4b8157cd3,27,64aa846f-36fb-446d-99c4-cd33e19583de,Shady Ave. at Howe St.,40.454534,-79.92173
967e607e-34fd-4451-a33f-01d4b8157cd3,28,f32c4dc4-4df2-457f-9b7a-240aa8a48667,Fifth Ave. at Shady Ave.,40.452885,-79.920715
967e607e-34fd-4451-a33f-01d4b8157cd3,29,5f0d5837-0646-4ca2-be83-1bf5b010ba8a,Fifth Ave. at Emerson St.,40.452576,-79.922369
967e607e-34fd-4451-a33f-01d4b8157cd3,30,a1e0a969-63dd-407e-b114-68aa4eaffaeb,Fifth Ave. at S. Highland St,40.451935,-79.923988
967e607e-34fd-4451-a33f-01d4b8157cd3,31,5e91626f-13ea-4af1-a4de-f3e56109a7e0,Fifth Ave. at College Ave.,40.451209,-79.925795
967e607e-34fd-4451-a33f-01d4b8157cd3,32,11c1d4dd-7b51-4d61-b6b2-d591ff6ee592,Fifth Ave. at Maryland Ave.,40.45051,-79.927503
967e607e-34fd-4451-a33f-01d4b8157cd3,33,da8b446b-4f2f-4789-913a-f8121c569fd1,S. Negley Ave. at Fifth Ave.,40.449827,-79.929649
967e607e-34fd-4451-a33f-01d4b8157cd3,34,84e3df51-1618-4430-9723-e7a58b9532bf,Fifth Ave. at Bellefonte St.,40.448918,-79.932547
967e607e-34fd-4451-a33f-01d4b8157cd3,35,b953e313-52af-41ea-97cc-4f6b3f37614b,Fifth Ave. at S. Aiken Ave.,40.448402,-79.934211
967e607e-34fd-4451-a33f-01d4b8157cd3,36,cc2eb61a-f787-484e-af8f-328d7920ba0d,Fifth Ave. at Wilkins Ave.,40.447917,-79.936889
825c4caf-c531-4dbc-b11b-f90580abb70a,0,6eb4b1a7-82ac-43ae-92ed-422f44b5a79c,Morewood Gardens Turn-around,40.445417,-79.942778
825c4caf-c531-4dbc-b11b-f90580abb70a,1,5965691a-b592-4e49-8cb7-cf997fa8b164,Fifth Ave. at Wilkins Ave.,40.447813,-79.937147
825c4caf-c531-4dbc-b11b-f90580abb70a,2,b953e313-52af-41ea-97cc-4f6b3f37614b,Fifth Ave. at S. Aiken Ave.,40.448402,-79.934211
825c4caf-c531-4dbc-b11b-f90580abb70a,3,84e3df51-1618-4430-9723-e7a58b9532bf,Fifth Ave. at Bellefonte St.,40.448918,-79.932547
825c4caf-c531-4dbc-b11b-f90580abb70a,4,615f6abf-a1d4-4679-a8dc-140f707e84b5,S. Negley Ave. at Howe St.,40.451201,-79.930458
825c4caf-c531-4dbc-b11b-f90580abb70a,5,68a9aef8-ca58-492e-af12-da53fbbe925f,S. Negley Ave. at Walnut St.,40.452063,-79.930957
825c4caf-c531-4dbc-b11b-f90580abb70a,6,fe91e07a-ad9b-4917-a0ea-fc1e7b5628b1,S. Negley Ave. at Elmer St.,40.453415,-79.931761
825c4caf-c531-4dbc-b11b-f90580abb70a,7,eb44021a-5557-4142-bdcd-cc946d1e0203,S. Negley Ave. at Ellsworth Ave.,40.454733,-79.932548
825c4caf-c531-4dbc-b11b-f90580abb70a,8,2987ba0b-ae93-47b5-854d-37adf49426e3,S. Negley Ave. at PRT E. Busway,40.456083,-79.933333
825c4caf-c531-4dbc-b11b-f90580abb70a,9,5f3c1dc0-64e2-491c-af6f-4ccd49ef122c,S. Negley Ave. at Baum Blvd.,40.4579694489438,-79.9339279067459
825c4caf-c531-4dbc-b11b-f90580abb70a,10,a2dbee05-84fd-4951-9c67-115928124323,S. Negley Ave. at Friendship Ave,40.460556,-79.932417
825c4caf-c531-4dbc-b11b-f90580abb70a,11,ad70a020-71d8-47a3-bfc5-be7d0ae182ef,S. Negley Ave. at Penn Ave.,40.463278,-79.930722
825c4caf-c531-4dbc-b11b-f90580abb70a,12,e0863f21-315c-4ead-99de-e3f3a0c6f1cc,Penn Ave. at Whole Foods,40.462472,-79.928056
825c4caf-c531-4dbc-b11b-f90580abb70a,13,4977f8f4-05c2-4721-90f0-cde4ad5a55da,S. Beatty St. at Centre Ave.,40.459417,-79.927611
825c4caf-c531-4dbc-b11b-f90580abb70a,14,a01ee824-2209-4927-8252-532d8c50b9f1,Centre Ave. at Walgreens,40.459361,-79.926861
825c4caf-c531-4dbc-b11b-f90580abb70a,15,c3f86f14-5a3d-438d-91c7-d094c3b87ca6,Centre Ave. at Annie Place,40.460289,-79.923946
825c4caf-c531-4dbc-b11b-f90580abb70a,16,37f01e68-57ab-4386-b38a-811e9f6b9a29,Penn Ave. at Target,40.460083,-79.921528
825c4caf-c531-4dbc-b11b-f90580abb70a,17,17b59b43-c876-4d9c-b1ef-1e14cafee8eb,Shady Ave. at Ellsworth Ave.,40.459306,-79.921944
825c4caf-c531-4dbc-b11b-f90580abb70a,18,49c6247e-131e-4c0b-968e-665e5f320ba3,Shady Ave. at Alder St.,40.456861,-79.922528
825c4caf-c531-4dbc-b11b-f90580abb70a,19,076c69a1-d116-4350-991f-e18676b95b43,Shady Ave. at Walnut St.,40.4559685985748,-79.9226558313223
825c4caf-c531-4dbc-b11b-f90580abb70a,20,64aa846f-36fb-446d-99c4-cd33e19583de,Shady Ave. at Howe St.,40.454534,-79.92173
825c4caf-c531-4dbc-b11b-f90580abb70a,21,f32c4dc4-4df2-457f-9b7a-240aa8a48667,Fifth Ave. at Shady Ave.,40.452885,-79.920715
825c4caf-c531-4dbc-b11b-f90580abb70a,22,530092c6-9a75-4620-89c7-f0ffe9e8c7c4,Fifth Ave. at Emerson St.,40.452576,-79.922369
825c4caf-c531-4dbc-b11b-f90580abb70a,23,a1e0a969-63dd-407e-b114-68aa4eaffaeb,Fifth Ave. at S. Highland St,40.451935,-79.923988
825c4caf-c531-4dbc-b11b-f90580abb70a,24,5e91626f-13ea-4af1-a4de-f3e56109a7e0,Fifth Ave. at College Ave.,40.451209,-79.925795
825c4caf-c531-4dbc-b11b-f90580abb70a,25,11c1d4dd-7b51-4d61-b6b2-d591ff6ee592,Fifth Ave. at Maryland Ave.,40.45051,-79.927503
825c4caf-c531-4dbc-b11b-f90580abb70a,26,3836cf24-b1b8-46a5-a00c-aa245fd3332d,Fifth Ave. at S. Negley Ave.,40.449827,-79.929649
af900fbf-8d7b-4f7c-b8bd-d0fe1453bc19,0,ea8d68f1-43fe-4539-9b7b-91a5e173abe3,300 South Craig,40.4455656392511,-79.9488756144305
af900fbf-8d7b-4f7c-b8bd-d0fe1453bc19,1,cdffdfa9-0a56-4bd8-a3f6-a5d67d74c901,CIC at Bike Lane Sign,40.444563,-79.946008
af900fbf-8d7b-4f7c-b8bd-d0fe1453bc19,2,4cfa4ecc-863c-4861-8ca5-5cc55c0d011a,Cohon University Center (Forbes Ave.),40.4443727506843,-79.941604938795
af900fbf-8d7b-4f7c-b8bd-d0fe1453bc19,3,2f6adb99-2fe7-4afd-b4e4-d61981ececd7,Forbes Ave. at Murdoch St.,40.43784,-79.930712
af900fbf-8d7b-4f7c-b8bd-d0fe1453bc19,4,c12d429c-2505-4899-b9fe-c9ce1842b7ce,Wightman St. at Bartlett St.,40.435795038,-79.9277014024
af900fbf-8d7b-4f7c-b8bd-d0fe1453bc19,5,2b4ab56e-c7bc-4962-84f8-fab85b5f2482,Beacon St. at Wightman St.,40.434127,-79.927604
af900fbf-8d7b-4f7c-b8bd-d0fe1453bc19,6,51226a6f-d93c-4d30-9f2e-616520ca4fef,Beacon St. at Murray Ave.,40.434762,-79.922823
af900fbf-8d7b-4f7c-b8bd-d0fe1453bc19,7,5467d029-3b8f-4231-98c7-8090078a3642,Shady Ave. at Beacon St.,40.435329,-79.91899
af900fbf-8d7b-4f7c-b8bd-d0fe1453bc19,8,8147e144-03bc-4812-90dc-9668c43d847a,Shady Ave. at Forbes Ave.,40.437917,-79.919278
af900fbf-8d7b-4f7c-b8bd-d0fe1453bc19,9,f32c4dc4-4df2-457f-9b7a-240aa8a48667,Fifth Ave. at Shady Ave.,40.452885,-79.920715
af900fbf-8d7b-4f7c-b8bd-d0fe1453bc19,10,f1d04a03-ab28-4ad3-bfe3-4af2b1ad0ca9,Fifth Ave. at Beechwood Blvd.,40.4535,-79.915583
af900fbf-8d7b-4f7c-b8bd-d0fe1453bc19,11,4830c68a-c279-438b-8a6f-79443f5202fb,Google at Bakery Square,40.457426,-79.916439
af900fbf-8d7b-4f7c-b8bd-d0fe1453bc19,12,8810fd5d-2658-4fb8-b54f-3746373393c0,Penn Ave. at The Village of Eastside,40.458222,-79.918389
af900fbf-8d7b-4f7c-b8bd-d0fe1453bc19,13,49c6247e-131e-4c0b-968e-665e5f320ba3,Shady Ave. at Alder St.,40.456861,-79.922528
af900fbf-8d7b-4f7c-b8bd-d0fe1453bc19,14,076c69a1-d116-4350-991f-e18676b95b43,Shady Ave. at Walnut St.,40.4559685985748,-79.9226558313223
af900fbf-8d7b-4f7c-b8bd-d0fe1453bc19,15,64aa846f-36fb-446d-99c4-cd33e19583de,Shady Ave. at Howe St.,40.454534,-79.92173
af900fbf-8d7b-4f7c-b8bd-d0fe1453bc19,17,5f0d5837-0646-4ca2-be83-1bf5b010ba8a,Fifth Ave. at Emerson St.,40.452576,-79.922369
af900fbf-8d7b-4f7c-b8bd-d0fe1453bc19,18,a1e0a969-63dd-407e-b114-68aa4eaffaeb,Fifth Ave. at S. Highland St,40.451935,-79.923988
af900fbf-8d7b-4f7c-b8bd-d0fe1453bc19,19,5e91626f-13ea-4af1-a4de-f3e56109a7e0,Fifth Ave. at College Ave.,40.451209,-79.925795
af900fbf-8d7b-4f7c-b8bd-d0fe1453bc19,20,11c1d4dd-7b51-4d61-b6b2-d591ff6ee592,Fifth Ave. at Maryland Ave.,40.45051,-79.927503
af900fbf-8d7b-4f7c-b8bd-d0fe1453bc19,21,da8b446b-4f2f-4789-913a-f8121c569fd1,S. Negley Ave. at Fifth Ave.,40.449827,-79.929649
af900fbf-8d7b-4f7c-b8bd-d0fe1453bc19,22,b953e313-52af-41ea-97cc-4f6b3f37614b,Fifth Ave. at S. Aiken Ave.,40.448402,-79.934211
af900fbf-8d7b-4f7c-b8bd-d0fe1453bc19,22,f5fa2c8f-86c0-4dc4-8f5a-e82cbe9282fb,Forbes Ave. at Murdoch St. PRT Stop,40.437917,-79.930583
af900fbf-8d7b-4f7c-b8bd-d0fe1453bc19,23,cc2eb61a-f787-484e-af8f-328d7920ba0d,Fifth Ave. at Wilkins Ave.,40.447917,-79.936889
af900fbf-8d7b-4f7c-b8bd-d0fe1453bc19,23,82712690-72cb-4cad-ae6b-f2697bd8105f,Forbes Ave. at Tepper Building Traffic Light,40.444667,-79.944806
af900fbf-8d7b-4f7c-b8bd-d0fe1453bc19,24,6eb4b1a7-82ac-43ae-92ed-422f44b5a79c,Morewood Gardens Turn-around,40.445417,-79.942778
07c26a10-420f-4324-8f36-c91bc1630e9f,0,ea8d68f1-43fe-4539-9b7b-91a5e173abe3,300 South Craig,40.4455656392511,-79.9488756144305
07c26a10-420f-4324-8f36-c91bc1630e9f,1,cdffdfa9-0a56-4bd8-a3f6-a5d67d74c901,CIC at Bike Lane Sign,40.444563,-79.946008
07c26a10-420f-4324-8f36-c91bc1630e9f,2,cc2eb61a-f787-484e-af8f-328d7920ba0d,Fifth Ave. at Wilkins Ave.,40.447917,-79.936889
07c26a10-420f-4324-8f36-c91bc1630e9f,3,b953e313-52af-41ea-97cc-4f6b3f37614b,Fifth Ave. at S. Aiken Ave.,40.448402,-79.934211
07c26a10-420f-4324-8f36-c91bc1630e9f,4,84e3df51-1618-4430-9723-e7a58b9532bf,Fifth Ave. at Bellefonte St.,40.448918,-79.932547
07c26a10-420f-4324-8f36-c91bc1630e9f,5,da8b446b-4f2f-4789-913a-f8121c569fd1,S. Negley Ave. at Fifth Ave.,40.449827,-79.929649
07c26a10-420f-4324-8f36-c91bc1630e9f,6,11c1d4dd-7b51-4d61-b6b2-d591ff6ee592,Fifth Ave. at Maryland Ave.,40.45051,-79.927503
07c26a10-420f-4324-8f36-c91bc1630e9f,7,5e91626f-13ea-4af1-a4de-f3e56109a7e0,Fifth Ave. at College Ave.,40.451209,-79.925795
07c26a10-420f-4324-8f36-c91bc1630e9f,8,a1e0a969-63dd-407e-b114-68aa4eaffaeb,Fifth Ave. at S. Highland St,40.451935,-79.923988
07c26a10-420f-4324-8f36-c91bc1630e9f,9,5f0d5837-0646-4ca2-be83-1bf5b010ba8a,Fifth Ave. at Emerson St.,40.452576,-79.922369
07c26a10-420f-4324-8f36-c91bc1630e9f,10,e63b13e4-ab7f-4d83-bab7-1414c0f600c1,Shady Ave. at Fifth Ave.,40.452806,-79.920778
07c26a10-420f-4324-8f36-c91bc1630e9f,11,f1d04a03-ab28-4ad3-bfe3-4af2b1ad0ca9,Fifth Ave. at Beechwood Blvd.,40.4535,-79.915583
07c26a10-420f-4324-8f36-c91bc1630e9f,12,4830c68a-c279-438b-8a6f-79443f5202fb,Google at Bakery Square,40.457426,-79.916439
07c26a10-420f-4324-8f36-c91bc1630e9f,13,8810fd5d-2658-4fb8-b54f-3746373393c0,Penn Ave. at The Village of Eastside,40.458222,-79.918389
07c26a10-420f-4324-8f36-c91bc1630e9f,14,17b59b43-c876-4d9c-b1ef-1e14cafee8eb,Shady Ave. at Ellsworth Ave.,40.459306,-79.921944
07c26a10-420f-4324-8f36-c91bc1630e9f,15,f7266b0c-8075-4622-a26c-86f58382a258,Shady Ave. at Alder St.,40.4567947795,-79.9224587821
07c26a10-420f-4324-8f36-c91bc1630e9f,16,076c69a1-d116-4350-991f-e18676b95b43,Shady Ave. at Walnut St.,40.4559685985748,-79.9226558313223
07c26a10-420f-4324-8f36-c91bc1630e9f,17,64aa846f-36fb-446d-99c4-cd33e19583de,Shady Ave. at Howe St.,40.454534,-79.92173
07c26a10-420f-4324-8f36-c91bc1630e9f,18,f32c4dc4-4df2-457f-9b7a-240aa8a48667,Fifth Ave. at Shady Ave.,40.452885,-79.920715
07c26a10-420f-4324-8f36-c91bc1630e9f,26,6eb4b1a7-82ac-43ae-92ed-422f44b5a79c,Morewood Gardens Turn-around,40.445417,-79.942778
07c26a10-420f-4324-8f36-c91bc1630e9f,27,82712690-72cb-4cad-ae6b-f2697bd8105f,Forbes Ave. at Tepper Building Traffic Light,40.444667,-79.944806
a9e22e1e-a366-4fe4-973c-871eb78e2349,0,4cfa4ecc-863c-4861-8ca5-5cc55c0d011a,Cohon University Center (Forbes Ave.),40.4443727506843,-79.941604938795
a9e22e1e-a366-4fe4-973c-871eb78e2349,1,162184f7-d4d4-46eb-bab5-16ef256060cd,Donnor House Stop Sign,40.441611,-79.940222
a9e22e1e-a366-4fe4-973c-871eb78e2349,2,f76699d8-bd84-4596-a9f5-5a6f99a5d38f,Tech St. at Frew St. Stop Sign,40.440611,-79.942139
a9e22e1e-a366-4fe4-973c-871eb78e2349,3,293b115e-8312-4b6d-813d-3107e2bd5088,Hobart St. at Beacon St.,40.432056,-79.934889
a9e22e1e-a366-4fe4-973c-871eb78e2349,4,5b987b93-0691-41b9-9e87-36e406da9965,Hobart St. at Wendover St. Speed Limit Sign,40.432417,-79.928972
a9e22e1e-a366-4fe4-973c-871eb78e2349,5,93eecf71-8902-45bb-8574-cd88e9be46a5,Hobart St. at Wightman St. Traffic Light,40.432528,-79.927722
a9e22e1e-a366-4fe4-973c-871eb78e2349,6,1ba94b5e-7f96-4ac3-84f2-1439cc813020,Wightman St. at Phillips Ave. Traffic Light,40.431111,-79.927556
a9e22e1e-a366-4fe4-973c-871eb78e2349,7,c9fedac0-891d-4f79-8832-32f659037303,Wightman St. at Pocusset St. Stop Sign,40.429417,-79.9275
a9e22e1e-a366-4fe4-973c-871eb78e2349,8,5e3cdb73-d1a4-483d-a64b-3c46584afcfd,Pocusset St. (before Murray),40.4296131678,-79.9243010199
a9e22e1e-a366-4fe4-973c-871eb78e2349,9,69ae51f5-167c-4830-82c1-6bd82b452f74,Forward Ave. at Shady Ave. Traffic Light,40.429167,-79.921389
a9e22e1e-a366-4fe4-973c-871eb78e2349,10,5d916409-34d7-4b2d-9c39-c6dfefc4a874,Forward Ave. at Tilbury Ave. Traffic Light,40.428444,-79.918722
a9e22e1e-a366-4fe4-973c-871eb78e2349,11,f400ac3c-6812-41c5-a8f5-2f55b07701aa,Tilbury Ave. at Nicholson St.,40.430278,-79.91775
a9e22e1e-a366-4fe4-973c-871eb78e2349,12,e5294a1d-42bd-4380-8266-be69b1c25e26,Tilbury Ave. at Crombie St.,40.430944,-79.917833
a9e22e1e-a366-4fe4-973c-871eb78e2349,13,dbe3b53a-3cd2-441a-90a5-d9e0505c306c,Tilbury Ave. at Waldron St.,40.431611,-79.918
a9e22e1e-a366-4fe4-973c-871eb78e2349,14,efbbeb3b-4c2f-4818-a7f4-0a62c557f182,Shady Ave. at Douglas St.,40.433472,-79.918444
a9e22e1e-a366-4fe4-973c-871eb78e2349,15,6bd5a0dd-4457-430b-9771-e3ecbcff2dc8,Shady Ave. at Hobart St.,40.434306,-79.918667
a9e22e1e-a366-4fe4-973c-871eb78e2349,16,b6d07d2c-403f-4ebd-9b9f-28f3e738b41f,Shady Ave. at Beacon St.,40.435222,-79.918889
a9e22e1e-a366-4fe4-973c-871eb78e2349,17,86f9c31a-0e0e-497c-8c53-5ac9a5171d13,Beacon St. at Mulhatton St.,40.4347511634,-79.916472
a9e22e1e-a366-4fe4-973c-871eb78e2349,18,73c6f96f-576e-4657-bd54-077d8e5cfa04,Beacon St. at Darlington Rd.,40.436139,-79.913583
a9e22e1e-a366-4fe4-973c-871eb78e2349,19,4c9afd4d-30e2-49bf-acd7-5c98b7574b31,Beacon St. at Beechwood Blvd.,40.437472,-79.913583
a9e22e1e-a366-4fe4-973c-871eb78e2349,20,776ba4cf-ab06-408e-ae6f-a3bb435333ae,Beechwood Blvd. at Forbes Ave. Traffic Light,40.437972,-79.916028
a9e22e1e-a366-4fe4-973c-871eb78e2349,21,69fa38e7-3d30-4367-a97e-1eed2ab8c1bd,Forbes Ave. at Denniston St.,40.438111,-79.917611
a9e22e1e-a366-4fe4-973c-871eb78e2349,22,18620fc7-8f85-423b-8010-4bde6091a916,Forbes Ave. at Shady Ave. Traffic Light,40.438111,-79.919194
a9e22e1e-a366-4fe4-973c-871eb78e2349,23,54d9b966-7098-4216-9f75-cf0b71e64187,Forbes Ave. at Murray Ave. Traffic Light,40.438139,-79.922722
a9e22e1e-a366-4fe4-973c-871eb78e2349,24,8eb1ce15-a910-46b3-abee-df5d610f4b4e,Forbes Ave. at Wighman St. PRT Stop,40.438139,-79.927528
a9e22e1e-a366-4fe4-973c-871eb78e2349,25,f5fa2c8f-86c0-4dc4-8f5a-e82cbe9282fb,Forbes Ave. at Murdoch St. PRT Stop,40.437917,-79.930583
a9e22e1e-a366-4fe4-973c-871eb78e2349,26,82712690-72cb-4cad-ae6b-f2697bd8105f,Forbes Ave. at Tepper Building Traffic Light,40.444667,-79.944806
a9e22e1e-a366-4fe4-973c-871eb78e2349,27,aae90932-676a-4c7e-b783-af8003a1af1d,4615 Forbes Avenue,40.444501,-79.947786
a9e22e1e-a366-4fe4-973c-871eb78e2349,28,9e59521e-976e-439a-9e46-2ae59b0ac245,Mellon Institute (On Demand),40.445111,-79.950306
a9e22e1e-a366-4fe4-973c-871eb78e2349,29,2fa1a224-7310-4082-8854-02178ee7487e,Fifth Ave. at Clyde St. (Drop Off ONLY),40.447139,-79.945444
bff8598d-6782-4b41-8c62-d3a1e4f4b4db,0,6eb4b1a7-82ac-43ae-92ed-422f44b5a79c,Morewood Gardens Turn-around,40.445417,-79.942778
bff8598d-6782-4b41-8c62-d3a1e4f4b4db,1,d70a2918-a81b-4736-8c09-6a272d82888d,Contemporary Craft - Lawrenceville,40.4849671626084,-79.9468774945178
38c552f5-a569-446f-97e1-2f72c06eb0ad,0,ea8d68f1-43fe-4539-9b7b-91a5e173abe3,300 South Craig,40.4455656392511,-79.9488756144305
38c552f5-a569-446f-97e1-2f72c06eb0ad,1,b4004f8c-a56b-4f1f-8f69-2d72c39a9fcf,Hamburg Hall (Forbes Ave.),40.4445442061883,-79.9449726240479
38c552f5-a569-446f-97e1-2f72c06eb0ad,2,4cfa4ecc-863c-4861-8ca5-5cc55c0d011a,Cohon University Center (Forbes Ave.),40.4443727506843,-79.941604938795
38c552f5-a569-446f-97e1-2f72c06eb0ad,3,204983f1-0666-4382-88ce-83a85fc12ab9,Margaret Morrison Plaza,40.4419196063459,-79.9395267189337
38c552f5-a569-446f-97e1-2f72c06eb0ad,4,f76699d8-bd84-4596-a9f5-5a6f99a5d38f,Tech St. at Frew St. Stop Sign,40.440611,-79.942139
38c552f5-a569-446f-97e1-2f72c06eb0ad,5,5965691a-b592-4e49-8cb7-cf997fa8b164,Fifth Ave. at Wilkins Ave.,40.447813,-79.937147
38c552f5-a569-446f-97e1-2f72c06eb0ad,6,b953e313-52af-41ea-97cc-4f6b3f37614b,Fifth Ave. at S. Aiken Ave.,40.448402,-79.934211
38c552f5-a569-446f-97e1-2f72c06eb0ad,7,84e3df51-1618-4430-9723-e7a58b9532bf,Fifth Ave. at Bellefonte St.,40.448918,-79.932547
38c552f5-a569-446f-97e1-2f72c06eb0ad,8,da8b446b-4f2f-4789-913a-f8121c569fd1,S. Negley Ave. at Fifth Ave.,40.449827,-79.929649
38c552f5-a569-446f-97e1-2f72c06eb0ad,9,11c1d4dd-7b51-4d61-b6b2-d591ff6ee592,Fifth Ave. at Maryland Ave.,40.45051,-79.927503
38c552f5-a569-446f-97e1-2f72c06eb0ad,10,5e91626f-13ea-4af1-a4de-f3e56109a7e0,Fifth Ave. at College Ave.,40.451209,-79.925795
38c552f5-a569-446f-97e1-2f72c06eb0ad,11,a1e0a969-63dd-407e-b114-68aa4eaffaeb,Fifth Ave. at S. Highland St,40.451935,-79.923988
38c552f5-a569-446f-97e1-2f72c06eb0ad,12,5f0d5837-0646-4ca2-be83-1bf5b010ba8a,Fifth Ave. at Emerson St.,40.452576,-79.922369
38c552f5-a569-446f-97e1-2f72c06eb0ad,13,e63b13e4-ab7f-4d83-bab7-1414c0f600c1,Shady Ave. at Fifth Ave.,40.452806,-79.920778
38c552f5-a569-446f-97e1-2f72c06eb0ad,14,45a3bdc9-a75a-4c0b-9ab1-92407dc46136,Shady Ave. at Kentucky Ave.,40.4537127,-79.9212073
38c552f5-a569-446f-97e1-2f72c06eb0ad,15,64aa846f-36fb-446d-99c4-cd33e19583de,Shady Ave. at Howe St.,40.454534,-79.92173
38c552f5-a569-446f-97e1-2f72c06eb0ad,16,076c69a1-d116-4350-991f-e18676b95b43,Shady Ave. at Walnut St.,40.4559685985748,-79.9226558313223
38c552f5-a569-446f-97e1-2f72c06eb0ad,17,f7266b0c-8075-4622-a26c-86f58382a258,Shady Ave. at Alder St.,40.4567947795,-79.9224587821
38c552f5-a569-446f-97e1-2f72c06eb0ad,18,6b1cbd4b-92cc-4f29-a819-f3fd3c27fc56,Shady Ave. at Marchand St,40.4572275,-79.9223895
38c552f5-a569-446f-97e1-2f72c06eb0ad,19,965db0a6-d40c-4230-a72d-06dc75a5880d,Shady Ave. at Aurelia St.,40.458098,-79.9222587
38c552f5-a569-446f-97e1-2f72c06eb0ad,20,17b59b43-c876-4d9c-b1ef-1e14cafee8eb,Shady Ave. at Ellsworth Ave.,40.459306,-79.921944
38c552f5-a569-446f-97e1-2f72c06eb0ad,21,37f01e68-57ab-4386-b38a-811e9f6b9a29,Penn Ave. at Target,40.460083,-79.921528
38c552f5-a569-446f-97e1-2f72c06eb0ad,22,c3f86f14-5a3d-438d-91c7-d094c3b87ca6,Centre Ave. at Annie Place,40.460289,-79.923946
38c552f5-a569-446f-97e1-2f72c06eb0ad,23,aed7f1c0-bcfd-4684-9da2-fc70b7ebafa6,S. Highland Ave. at Centre Ave.,40.4599502,-79.9250363
38c552f5-a569-446f-97e1-2f72c06eb0ad,24,a01ee824-2209-4927-8252-532d8c50b9f1,Centre Ave. at Walgreens,40.459361,-79.926861
38c552f5-a569-446f-97e1-2f72c06eb0ad,25,4977f8f4-05c2-4721-90f0-cde4ad5a55da,S. Beatty St. at Centre Ave.,40.459417,-79.927611
38c552f5-a569-446f-97e1-2f72c06eb0ad,26,e0863f21-315c-4ead-99de-e3f3a0c6f1cc,Penn Ave. at Whole Foods,40.462472,-79.928056
38c552f5-a569-446f-97e1-2f72c06eb0ad,27,ad70a020-71d8-47a3-bfc5-be7d0ae182ef,S. Negley Ave. at Penn Ave.,40.463278,-79.930722
38c552f5-a569-446f-97e1-2f72c06eb0ad,28,a2dbee05-84fd-4951-9c67-115928124323,S. Negley Ave. at Friendship Ave,40.460556,-79.932417
38c552f5-a569-446f-97e1-2f72c06eb0ad,29,24f23c66-2898-4798-9ced-e65a7989a1f3,Friendship Ave. at Stratford Ave.,40.4610018,-79.9333018
38c552f5-a569-446f-97e1-2f72c06eb0ad,30,dfd943f9-c612-429b-a24b-ee8aad95adc4,Friendship Ave. at S. Fairmont St.,40.4613,-79.9341614
38c552f5-a569-446f-97e1-2f72c06eb0ad,31,714d4e07-3405-4bfb-9859-ad42fef8261c,Friendship Ave. at Roup Ave.,40.4616111,-79.9350624
38c552f5-a569-446f-97e1-2f72c06eb0ad,32,bb5d263e-7a24-4ed3-9396-42e55ab42b4c,Friendship Ave. at S. Graham St.,40.4617562,-79.936305
38c552f5-a569-446f-97e1-2f72c06eb0ad,33,8b5f9775-50f8-4ca4-94ac-39c079aa12c2,Friendship Ave. at S. Aiken Ave.,40.461892,-79.9376209
38c552f5-a569-446f-97e1-2f72c06eb0ad,34,ddbb7611-f8a1-4a4a-b2fb-0b1490196782,Friendship Ave. at S. Atlantic Ave,40.4620004,-79.9389624
38c552f5-a569-446f-97e1-2f72c06eb0ad,35,ae47324c-a960-4ec4-9a3b-e74bf11d01ae,Friendship Ave. at S. Pacific Ave.,40.4621168,-79.940368
38c552f5-a569-446f-97e1-2f72c06eb0ad,36,6062cf33-c83d-4bbd-8045-02e09a6d7852,Harriet St. at S. Pacific Ave.,40.4597979,-79.9406834
38c552f5-a569-446f-97e1-2f72c06eb0ad,37,584b3918-24cf-4a9a-bc68-201e51836b77,Harriet St. at S. Atlantic Ave.,40.4596926,-79.9392702
38c552f5-a569-446f-97e1-2f72c06eb0ad,38,2a014451-b974-40e7-b402-f28d592e6856,Harriet St. at S. Aiken Ave.,40.4595942,-79.9380501
38c552f5-a569-446f-97e1-2f72c06eb0ad,39,1bb56af3-d313-47bb-b7a9-f87352aad921,Harriet St. at S. Graham St.,40.4594483,-79.9367295
38c552f5-a569-446f-97e1-2f72c06eb0ad,40,f03a34af-74e1-41cb-ae5d-f3b20c46902c,Harriet St. at S. Fairmount St./Roup Ave.,40.4593002,-79.9354882
38c552f5-a569-446f-97e1-2f72c06eb0ad,41,1b4fb600-4d93-4b68-9b0f-584c37e42038,S. Negley Ave. at Baum Blvd.,40.4583515,-79.9338362
38c552f5-a569-446f-97e1-2f72c06eb0ad,42,cdfdf7e0-5155-4fb3-996b-8920be1c3408,S. Aiken Ave. at Baum Blvd.,40.4569458,-79.9385409
38c552f5-a569-446f-97e1-2f72c06eb0ad,43,a4301eb5-e3c8-47e1-9aff-4d658bb53f4b,S. Aiken Ave. at Kentucky Ave.,40.4490963,-79.9346133
38c552f5-a569-446f-97e1-2f72c06eb0ad,44,2a3b3f7b-d9c2-42a7-822f-c75aff6e32e8,S. Aiken Ave. at Howe St.,40.4497803,-79.9350106
38c552f5-a569-446f-97e1-2f72c06eb0ad,46,633c9b8b-8c43-4e90-bd4f-247759d529a1,S. Aiken Ave. at Walnut St.,40.4506496,-79.9355094
38c552f5-a569-446f-97e1-2f72c06eb0ad,47,fa4ef6ba-a3a9-4a34-9bc3-e37d5a456dd7,S. Aiken Ave. at Elmer St.,40.4518921,-79.9362306
38c552f5-a569-446f-97e1-2f72c06eb0ad,48,95efb6fa-2f15-4de8-8f80-bc63a72bb8b6,S. Aiken Ave. at Ellsworth Ave.,40.4527432,-79.936718
38c552f5-a569-446f-97e1-2f72c06eb0ad,49,e2b67306-d5ff-486c-96a0-04d943fcd5d7,S. Aiken Ave. at Claybourne St.,40.4549015,-79.9379854
38c552f5-a569-446f-97e1-2f72c06eb0ad,50,c938f7c8-5312-4d53-a949-93de07d75878,Centre Ave. at S. Aiken Ave.,40.455902,-79.938577
38c552f5-a569-446f-97e1-2f72c06eb0ad,51,774b4ab9-f53c-4f89-a4e3-a54d2b441687,Centre Ave. at Cypress St.,40.45503,-79.941477
38c552f5-a569-446f-97e1-2f72c06eb0ad,52,b4408b9c-cad1-4f84-b91e-dcc1a24f76fc,Centre Ave. at S. Graham St.,40.4564927285,-79.9365547963
38c552f5-a569-446f-97e1-2f72c06eb0ad,53,0617602e-abc9-4063-ab36-43afd002494f,Centre Ave. at S. Negley Ave.,40.457028,-79.934694
38c552f5-a569-446f-97e1-2f72c06eb0ad,54,56b25005-4082-4352-8476-7bee2d0942bb,S. Negley Ave. at Centre Ave.,40.4572641,-79.9340482
38c552f5-a569-446f-97e1-2f72c06eb0ad,55,e750a425-d4bf-4e85-964f-0500379dd020,S. Negley Ave. at Roup Ave.,40.4575703,-79.934165
38c552f5-a569-446f-97e1-2f72c06eb0ad,56,5f3c1dc0-64e2-491c-af6f-4ccd49ef122c,S. Negley Ave. at Baum Blvd.,40.4579694489438,-79.9339279067459
38c552f5-a569-446f-97e1-2f72c06eb0ad,57,2987ba0b-ae93-47b5-854d-37adf49426e3,S. Negley Ave. at PRT E. Busway,40.456083,-79.933333
38c552f5-a569-446f-97e1-2f72c06eb0ad,58,eb44021a-5557-4142-bdcd-cc946d1e0203,S. Negley Ave. at Ellsworth Ave.,40.454733,-79.932548
38c552f5-a569-446f-97e1-2f72c06eb0ad,59,cb25a284-1841-4a23-aa00-4b0dc289d031,Ellsworth Ave. at Ivy St.,40.454232,-79.933564
38c552f5-a569-446f-97e1-2f72c06eb0ad,60,0d3aeb36-944b-4d9a-a820-8587dbf6c6d1,Ivy St. at Elmer St.,40.4530402,-79.9329025
38c552f5-a569-446f-97e1-2f72c06eb0ad,61,6966f727-160d-4aa4-99f9-29fc85cab9f7,Ivy St. at Walnut St.,40.4516895,-79.9321804
38c552f5-a569-446f-97e1-2f72c06eb0ad,62,61562840-03d4-44be-bbb5-b60b856c60b7,Ivy St. @ Howe St.,40.4508112,-79.9317125
38c552f5-a569-446f-97e1-2f72c06eb0ad,63,2151f338-bd01-4ffb-bcdf-6c30b54253f7,Ivy St. at Kentucky Ave.,40.4501187,-79.9313384
38c552f5-a569-446f-97e1-2f72c06eb0ad,64,24ee2509-1874-44df-bca2-2798c007c41f,Bellefonte St. at Kentucky Ave.,40.4496177,-79.9329538
38c552f5-a569-446f-97e1-2f72c06eb0ad,65,c9e4e5b1-ae1e-49f6-9d19-550ba159ade3,Bellefonte St. at Howe St.,40.4503001,-79.933347
38c552f5-a569-446f-97e1-2f72c06eb0ad,66,cacd5cff-fe01-43a2-978a-3ebf0a11dcb1,Bellefonte St. at Walnut. St,40.4511631,-79.9338578
38c552f5-a569-446f-97e1-2f72c06eb0ad,67,7be7f756-78dd-431d-bb2f-dcec5ee48aef,Bellefonte St. at Elmer St.,40.4524679,-79.9346045
38c552f5-a569-446f-97e1-2f72c06eb0ad,68,bf0ba4e4-315f-4033-9836-d9e0ef77c565,Ellswoth Ave. at Bellefonte St.,40.4534835,-79.9351919
38c552f5-a569-446f-97e1-2f72c06eb0ad,69,fe91e07a-ad9b-4917-a0ea-fc1e7b5628b1,S. Negley Ave. at Elmer St.,40.453415,-79.931761
38c552f5-a569-446f-97e1-2f72c06eb0ad,70,06117e02-1b1f-4ef4-beae-2567c2db25cd,S. Negley Ave. at Elwood St.,40.4527447,-79.93137
38c552f5-a569-446f-97e1-2f72c06eb0ad,71,68a9aef8-ca58-492e-af12-da53fbbe925f,S. Negley Ave. at Walnut St.,40.452063,-79.930957
38c552f5-a569-446f-97e1-2f72c06eb0ad,72,615f6abf-a1d4-4679-a8dc-140f707e84b5,S. Negley Ave. at Howe St.,40.451201,-79.930458
38c552f5-a569-446f-97e1-2f72c06eb0ad,73,4d0eb3d9-e89b-43b6-b59c-4f40d0c1fd39,S. Negley Ave. at Kentucky,40.4505241,-79.9300608
38c552f5-a569-446f-97e1-2f72c06eb0ad,74,8f396913-c2b9-4c6a-9a6c-bdd47e66ddab,Maryland Ave. at Kentucky Ave.,40.4512022,-79.9279031
38c552f5-a569-446f-97e1-2f72c06eb0ad,75,406ae045-9945-42c7-bef5-e4d7bf3b02cd,Maryland Ave. at Howe St.,40.4518844,-79.9283041
38c552f5-a569-446f-97e1-2f72c06eb0ad,76,d6c9fb5c-39a5-4f28-b961-6189a3cafbf0,Maryland Ave. at Walnut St.,40.4527532,-79.9288132
38c552f5-a569-446f-97e1-2f72c06eb0ad,77,408b175d-4d19-4052-a585-75537a412b26,Maryland Ave. at Elwood St.,40.4534385,-79.9292183
38c552f5-a569-446f-97e1-2f72c06eb0ad,78,651d8b4a-ce4a-4e17-ad34-e313ef377cd8,Maryland Ave. at Elmer St.,40.4541079,-79.929607
38c552f5-a569-446f-97e1-2f72c06eb0ad,79,b848d072-301e-41bc-a8f0-ddc3980f2c75,Maryland Ave. at Holden St.,40.4547383,-79.9299795
38c552f5-a569-446f-97e1-2f72c06eb0ad,80,33a77522-7667-434b-9158-8b4eecd278ac,Maryland Ave. at Alder Way,40.4554504,-79.930397
38c552f5-a569-446f-97e1-2f72c06eb0ad,81,c386c1e3-4a19-479b-9b18-e681d5700249,Maryland Ave. at Ellsworth Ave.,40.4561254,-79.9307957
38c552f5-a569-446f-97e1-2f72c06eb0ad,82,aeee3fd0-ca69-4067-8e30-3ec4c8f24b20,College St. at Ellsworth Ave.,40.4571555,-79.9293015
38c552f5-a569-446f-97e1-2f72c06eb0ad,83,fb790c68-d277-4fcc-bcc4-4eaf853303af,College St. at Alder St.,40.4563476,-79.9288173
38c552f5-a569-446f-97e1-2f72c06eb0ad,84,daf0c765-5d0c-4173-b6f0-adaa83e8f64b,Alder St. at Spahr St.,40.4571891,-79.927516
38c552f5-a569-446f-97e1-2f72c06eb0ad,85,616c7acc-b897-49f1-92a1-902ec7bcca09,College St. at Elmer St.,40.454751,-79.927878
38c552f5-a569-446f-97e1-2f72c06eb0ad,86,4067ac22-498f-4c3a-9db2-8fa85a9649b1,College St. at Elwood St.,40.4541126,-79.9275028
38c552f5-a569-446f-97e1-2f72c06eb0ad,87,717c42f1-f1b9-4cf0-9d6c-6a94dbb5a57c,College St. at Walnut St.,40.4534343,-79.9271044
38c552f5-a569-446f-97e1-2f72c06eb0ad,88,9e2b9fea-dbb6-48ff-bce6-bc85b0488825,College St. at Howe St.,40.4525674,-79.9265935
38c552f5-a569-446f-97e1-2f72c06eb0ad,89,dde678f9-834f-43dc-b244-7eda433e6fa7,College St. at Kentucky Ave.,40.4518931,-79.926199
38c552f5-a569-446f-97e1-2f72c06eb0ad,90,db107577-8f83-412d-a887-cdd78ff498c1,S. Highland Ave. at Kentucky Ave.,40.4526171,-79.9243993
38c552f5-a569-446f-97e1-2f72c06eb0ad,91,70b9789d-11fb-47c2-a97f-ddb23176ed94,S. Highland Ave. at Walnut St.,40.4541758,-79.925328
38c552f5-a569-446f-97e1-2f72c06eb0ad,92,5a8fb338-4611-4e88-9e90-811e3b025f0b,S. Highland Ave. at Elwood St.,40.4549944,-79.9253279
38c552f5-a569-446f-97e1-2f72c06eb0ad,93,f3417d6c-cbc7-4324-ab7f-9781ba28777f,S. Highland Ave. at Alder St.,40.4572598846652,-79.9252179220902
38c552f5-a569-446f-97e1-2f72c06eb0ad,94,e9845f35-0bcf-46c1-bec2-c04df194dede,Emerson St. at Alder St.,40.4570389,-79.9236015
38c552f5-a569-446f-97e1-2f72c06eb0ad,95,1c731a65-a71b-4052-9be3-552feaecf864,Emerson St. at Ellsworth Ave.,40.4591669,-79.923232
38c552f5-a569-446f-97e1-2f72c06eb0ad,96,89f12d8b-7104-4e1a-b8ec-71e3760a4ca3,Emerson St. at Walnut St.,40.4550613,-79.9238736
38c552f5-a569-446f-97e1-2f72c06eb0ad,97,ebe14573-0b0f-4723-9858-66729ec1103e,Emerson St. at Howe St.,40.4539434,-79.9232002
38c552f5-a569-446f-97e1-2f72c06eb0ad,98,675b73cb-d41d-4404-937e-689d0fa94275,Emerson St. at Kentucky Ave.,40.4532695,-79.9227947
7f7f4951-fd17-49f4-a129-1551b04f063e,0,ea8d68f1-43fe-4539-9b7b-91a5e173abe3,300 South Craig,40.4455656392511,-79.9488756144305
7f7f4951-fd17-49f4-a129-1551b04f063e,1,b4004f8c-a56b-4f1f-8f69-2d72c39a9fcf,Hamburg Hall (Forbes Ave.),40.4445442061883,-79.9449726240479
7f7f4951-fd17-49f4-a129-1551b04f063e,2,4cfa4ecc-863c-4861-8ca5-5cc55c0d011a,Cohon University Center (Forbes Ave.),40.4443727506843,-79.941604938795
7f7f4951-fd17-49f4-a129-1551b04f063e,3,204983f1-0666-4382-88ce-83a85fc12ab9,Margaret Morrison Plaza,40.4419196063459,-79.9395267189337
7f7f4951-fd17-49f4-a129-1551b04f063e,4,f76699d8-bd84-4596-a9f5-5a6f99a5d38f,Tech St. at Frew St. Stop Sign,40.440611,-79.942139
7f7f4951-fd17-49f4-a129-1551b04f063e,5,992b45e3-db36-4f1e-8545-20fe66ad63e5,S. Bouquet St. at Forbes Ave.,40.4419615,-79.9564286
7f7f4951-fd17-49f4-a129-1551b04f063e,6,70e6d096-e850-4f43-81cd-ac30b01a688f,S. Bouquet St. at Joncaire St.,40.4404711,-79.9537597
7f7f4951-fd17-49f4-a129-1551b04f063e,7,f93b37b8-afb4-4cea-8e48-8d0179e6735f,S. Bouquet St. at Pier St.,40.4400317,-79.9529637
7f7f4951-fd17-49f4-a129-1551b04f063e,8,520001ce-ea9d-4563-a7fe-21f6554ea801,S. Bouquet St. at Bates St.,40.4396849,-79.9523403
7f7f4951-fd17-49f4-a129-1551b04f063e,9,57088fa9-f782-4856-93c3-78b5360aa3d0,S. Bouquet St. at Dawson St.,40.439208,-79.9515522
7f7f4951-fd17-49f4-a129-1551b04f063e,10,4c9f74cc-28fa-4ce7-90f2-52f9f8a61f73,Dawson St. at Oakland Ave.,40.437807,-79.9521274
7f7f4951-fd17-49f4-a129-1551b04f063e,11,fc6bd711-6915-4b6c-b10c-23a47715e405,Dawson St. at Atwood St.,40.4369537,-79.9524899
7f7f4951-fd17-49f4-a129-1551b04f063e,12,9a5417e5-a989-4571-a762-6ecc56893f0b,Dawson St. at Semple St.,40.4362244,-79.9527751
7f7f4951-fd17-49f4-a129-1551b04f063e,13,c3c9b2ea-4922-4687-a6a6-9639ea8dab41,Parkview Ave. at Semple St.,40.4360761,-79.9518381
7f7f4951-fd17-49f4-a129-1551b04f063e,14,bbf5214b-4996-40c0-906b-8db3fc59e63c,Blvd. of Allies & Dawson St.,40.434433,-79.953185
7f7f4951-fd17-49f4-a129-1551b04f063e,15,2bf40ef9-5f2b-41ab-af6b-309da5115277,Blvd. of Allies & Parkview Ave.,40.434222,-79.952236
7f7f4951-fd17-49f4-a129-1551b04f063e,16,f58ed677-1e43-40c5-9254-de9be21db1ff,Parkview Ave. at Swinburn St.,40.4316562,-79.9528254
7f7f4951-fd17-49f4-a129-1551b04f063e,17,ba3124de-a919-4be5-b595-381e8306954e,Parkview Ave. at Orpwood St.,40.4299931,-79.9531797
7f7f4951-fd17-49f4-a129-1551b04f063e,18,3286646f-1726-45d8-b99c-775a594316c9,Dawson St. at Frazier St.,40.4297758,-79.9542288
7f7f4951-fd17-49f4-a129-1551b04f063e,19,c38fad4b-0470-4e65-96f9-7082ea752f45,Ward St. at Semple St.,40.4364448,-79.9541608
7f7f4951-fd17-49f4-a129-1551b04f063e,20,c669e82d-27df-4dd7-a7fe-503c2f359137,Ward St. at Zulema St.,40.4358207,-79.9543239
7f7f4951-fd17-49f4-a129-1551b04f063e,21,86a264c6-de27-485e-9f4f-371c581f75a8,Blvd. of Allies & Ward St.,40.4345744,-79.9545996
7f7f4951-fd17-49f4-a129-1551b04f063e,22,eb5974c2-3d4b-4035-b586-286c9531884c,Ward St. at Cato St.,40.4330361,-79.9549707
7f7f4951-fd17-49f4-a129-1551b04f063e,23,c6361b22-6d5f-442f-984a-6072b95fd6b9,Ward St. at Frazier St.,40.430708,-79.9554877
7f7f4951-fd17-49f4-a129-1551b04f063e,24,7c53c027-f1bd-4b3b-a30c-ab80b54c41ae,Juliet St. at Frazier St.,40.4316049,-79.9566962
7f7f4951-fd17-49f4-a129-1551b04f063e,25,daa204dc-ccb9-4b2c-ac63-530c5b449501,Juliet St. at Cato St.,40.4332206,-79.9563762
7f7f4951-fd17-49f4-a129-1551b04f063e,26,ed9358c4-fde2-4921-b7a3-3ffd6431cfc5,Juliet St. at Blvd. of Allies,40.4349899,-79.9559684
7f7f4951-fd17-49f4-a129-1551b04f063e,27,deb3eb8a-5623-4ae6-9bbd-e2780bd08704,Blvd. of Allies & Bates St.,40.4351314,-79.956416
7f7f4951-fd17-49f4-a129-1551b04f063e,28,b1c1014a-a5b4-458a-a36d-0c57f7875ac4,Bates St. at McKee Pl.,40.4365923,-79.9555049
7f7f4951-fd17-49f4-a129-1551b04f063e,29,a040e9b5-a0f8-4f39-be63-878630f9d930,Bates St. at Meyran Ave.,40.4375331,-79.9545478
7f7f4951-fd17-49f4-a129-1551b04f063e,30,faec26de-03cb-4762-9fcd-e6eac78ff475,Bates St. at Atwood St.,40.4381208,-79.9539377
7f7f4951-fd17-49f4-a129-1551b04f063e,31,fcab6ed4-9209-4ff3-ab43-cca93d135ea6,Bates St. at Oakland Ave.,40.4386712,-79.9533726
7f7f4951-fd17-49f4-a129-1551b04f063e,32,a8530194-f0f3-44cf-8d99-8c451d8b759e,Louisa St. at Atwood St.,40.4396994,-79.955902
7f7f4951-fd17-49f4-a129-1551b04f063e,33,12427404-d39b-459a-9aeb-28d71defeb3f,Louisa St. at Meyran St.,40.4391882,-79.9566068
7f7f4951-fd17-49f4-a129-1551b04f063e,34,864782ac-3040-4d52-90f0-60c6d09dd6d6,Louisa St. at Semple St.,40.4388321,-79.9571097
7f7f4951-fd17-49f4-a129-1551b04f063e,35,13d4543c-5da3-434d-9998-17ec31fe4917,Louisa St. at McKee Pl.,40.4383932,-79.9577114
7f7f4951-fd17-49f4-a129-1551b04f063e,36,b3cc9f8d-f056-4d44-9f67-04fbe53a93c0,Louisa St. at Halket St.,40.4370851,-79.9595234
7f7f4951-fd17-49f4-a129-1551b04f063e,37,a014c435-ac4a-4557-923b-601b3f5913d8,Louisa St. at Coltart Ave.,40.4377453,-79.9586225
7f7f4951-fd17-49f4-a129-1551b04f063e,38,08957079-1732-45a7-aaa7-38aea95df00b,Blvd. of Allies & Halket St.,40.4358908,-79.9581195
7f7f4951-fd17-49f4-a129-1551b04f063e,39,a6c0d3c7-b849-42ab-88de-7cd959b4c36f,Blvd. of Allies & Craft Ave.,40.4358367,-79.9615245
7f7f4951-fd17-49f4-a129-1551b04f063e,40,6c31d532-8501-457d-a83e-743f61633e96,Forbes Ave. at Craft Ave.,40.4371192,-79.9631102
7f7f4951-fd17-49f4-a129-1551b04f063e,41,3e2dea37-a94b-465e-901b-cb2c6d55cd47,Fifth Ave. at Chesterfield,40.4393605,-79.9617689
7f7f4951-fd17-49f4-a129-1551b04f063e,42,94f79b06-80f6-425b-84bc-379fcfd8adf1,Joncaire St. at Boundary St.,40.4404119,-79.9501893
7f7f4951-fd17-49f4-a129-1551b04f063e,43,c4f7f203-a459-4c2d-afea-1964b213e90a,N. Dithridge St. at St. Paul's Rectory,40.447194,-79.950694
7f7f4951-fd17-49f4-a129-1551b04f063e,44,0900afc3-0cc6-45e2-a877-cbe3fa10d1ea,N. Dithridge St. at Bayard St.,40.448866,-79.951694
7f7f4951-fd17-49f4-a129-1551b04f063e,45,4c93e337-57ad-44de-aa9c-d82b306298d4,N. Dithridge St. at Centre Ave.,40.4514290495499,-79.9534203396948
7f7f4951-fd17-49f4-a129-1551b04f063e,46,27d0f80d-acbf-4c23-8520-9e47bbb47ba5,N. Craig St. at Centre Ave,40.4518912,-79.9520159
7f7f4951-fd17-49f4-a129-1551b04f063e,47,81e327dd-2003-489b-a093-9ba054bcefc7,N. Craig St. Baum Blvd.,40.4540041,-79.9533382
7f7f4951-fd17-49f4-a129-1551b04f063e,48,af7a08c2-4715-4109-98ff-32e328be2ddb,Melwood Ave. at Baum Blvd.,40.4540316,-79.9519203
7f7f4951-fd17-49f4-a129-1551b04f063e,49,ce3ffc70-5751-4340-872f-8bcda1c20657,Morewood Ave. at S. Millvale Ave.,40.4560092,-79.9476094
7f7f4951-fd17-49f4-a129-1551b04f063e,50,d803cd51-8e83-4f69-a8b5-3cdaae9f537e,S. Millvale St. at Baum Blvd.,40.4543846,-79.9476674
7f7f4951-fd17-49f4-a129-1551b04f063e,51,99a7827a-f440-4eab-9088-c98d04063d1f,Morewood Ave. at Baum Blvd.,40.4549763,-79.9452148
7f7f4951-fd17-49f4-a129-1551b04f063e,52,cdfdf7e0-5155-4fb3-996b-8920be1c3408,S. Aiken Ave. at Baum Blvd.,40.4569458,-79.9385409
7f7f4951-fd17-49f4-a129-1551b04f063e,53,f03a34af-74e1-41cb-ae5d-f3b20c46902c,Harriet St. at S. Fairmount St./Roup Ave.,40.4593002,-79.9354882
7f7f4951-fd17-49f4-a129-1551b04f063e,54,1bb56af3-d313-47bb-b7a9-f87352aad921,Harriet St. at S. Graham St.,40.4594483,-79.9367295
7f7f4951-fd17-49f4-a129-1551b04f063e,55,2a014451-b974-40e7-b402-f28d592e6856,Harriet St. at S. Aiken Ave.,40.4595942,-79.9380501
7f7f4951-fd17-49f4-a129-1551b04f063e,56,584b3918-24cf-4a9a-bc68-201e51836b77,Harriet St. at S. Atlantic Ave.,40.4596926,-79.9392702
7f7f4951-fd17-49f4-a129-1551b04f063e,57,6062cf33-c83d-4bbd-8045-02e09a6d7852,Harriet St. at S. Pacific Ave.,40.4597979,-79.9406834
7f7f4951-fd17-49f4-a129-1551b04f063e,58,ae47324c-a960-4ec4-9a3b-e74bf11d01ae,Friendship Ave. at S. Pacific Ave.,40.4621168,-79.940368
7f7f4951-fd17-49f4-a129-1551b04f063e,59,ddbb7611-f8a1-4a4a-b2fb-0b1490196782,Friendship Ave. at S. Atlantic Ave,40.4620004,-79.9389624
7f7f4951-fd17-49f4-a129-1551b04f063e,60,8b5f9775-50f8-4ca4-94ac-39c079aa12c2,Friendship Ave. at S. Aiken Ave.,40.461892,-79.9376209
7f7f4951-fd17-49f4-a129-1551b04f063e,61,bb5d263e-7a24-4ed3-9396-42e55ab42b4c,Friendship Ave. at S. Graham St.,40.4617562,-79.936305
7f7f4951-fd17-49f4-a129-1551b04f063e,62,714d4e07-3405-4bfb-9859-ad42fef8261c,Friendship Ave. at Roup Ave.,40.4616111,-79.9350624
7f7f4951-fd17-49f4-a129-1551b04f063e,63,dfd943f9-c612-429b-a24b-ee8aad95adc4,Friendship Ave. at S. Fairmont St.,40.4613,-79.9341614
7f7f4951-fd17-49f4-a129-1551b04f063e,64,24f23c66-2898-4798-9ced-e65a7989a1f3,Friendship Ave. at Stratford Ave.,40.4610018,-79.9333018
7f7f4951-fd17-49f4-a129-1551b04f063e,65,a2dbee05-84fd-4951-9c67-115928124323,S. Negley Ave. at Friendship Ave,40.460556,-79.932417
7f7f4951-fd17-49f4-a129-1551b04f063e,66,ad70a020-71d8-47a3-bfc5-be7d0ae182ef,S. Negley Ave. at Penn Ave.,40.463278,-79.930722
7f7f4951-fd17-49f4-a129-1551b04f063e,67,e0863f21-315c-4ead-99de-e3f3a0c6f1cc,Penn Ave. at Whole Foods,40.462472,-79.928056
7f7f4951-fd17-49f4-a129-1551b04f063e,68,4977f8f4-05c2-4721-90f0-cde4ad5a55da,S. Beatty St. at Centre Ave.,40.459417,-79.927611
7f7f4951-fd17-49f4-a129-1551b04f063e,69,a01ee824-2209-4927-8252-532d8c50b9f1,Centre Ave. at Walgreens,40.459361,-79.926861
7f7f4951-fd17-49f4-a129-1551b04f063e,70,aed7f1c0-bcfd-4684-9da2-fc70b7ebafa6,S. Highland Ave. at Centre Ave.,40.4599502,-79.9250363
7f7f4951-fd17-49f4-a129-1551b04f063e,71,c3f86f14-5a3d-438d-91c7-d094c3b87ca6,Centre Ave. at Annie Place,40.460289,-79.923946
7f7f4951-fd17-49f4-a129-1551b04f063e,72,37f01e68-57ab-4386-b38a-811e9f6b9a29,Penn Ave. at Target,40.460083,-79.921528
7f7f4951-fd17-49f4-a129-1551b04f063e,73,17b59b43-c876-4d9c-b1ef-1e14cafee8eb,Shady Ave. at Ellsworth Ave.,40.459306,-79.921944
7f7f4951-fd17-49f4-a129-1551b04f063e,74,965db0a6-d40c-4230-a72d-06dc75a5880d,Shady Ave. at Aurelia St.,40.458098,-79.9222587
7f7f4951-fd17-49f4-a129-1551b04f063e,75,6b1cbd4b-92cc-4f29-a819-f3fd3c27fc56,Shady Ave. at Marchand St,40.4572275,-79.9223895
7f7f4951-fd17-49f4-a129-1551b04f063e,76,49c6247e-131e-4c0b-968e-665e5f320ba3,Shady Ave. at Alder St.,40.456861,-79.922528
7f7f4951-fd17-49f4-a129-1551b04f063e,77,076c69a1-d116-4350-991f-e18676b95b43,Shady Ave. at Walnut St.,40.4559685985748,-79.9226558313223
7f7f4951-fd17-49f4-a129-1551b04f063e,78,64aa846f-36fb-446d-99c4-cd33e19583de,Shady Ave. at Howe St.,40.454534,-79.92173
7f7f4951-fd17-49f4-a129-1551b04f063e,79,45a3bdc9-a75a-4c0b-9ab1-92407dc46136,Shady Ave. at Kentucky Ave.,40.4537127,-79.9212073
7f7f4951-fd17-49f4-a129-1551b04f063e,80,f32c4dc4-4df2-457f-9b7a-240aa8a48667,Fifth Ave. at Shady Ave.,40.452885,-79.920715
7f7f4951-fd17-49f4-a129-1551b04f063e,81,5f0d5837-0646-4ca2-be83-1bf5b010ba8a,Fifth Ave. at Emerson St.,40.452576,-79.922369
7f7f4951-fd17-49f4-a129-1551b04f063e,82,a1e0a969-63dd-407e-b114-68aa4eaffaeb,Fifth Ave. at S. Highland St,40.451935,-79.923988
7f7f4951-fd17-49f4-a129-1551b04f063e,83,5e91626f-13ea-4af1-a4de-f3e56109a7e0,Fifth Ave. at College Ave.,40.451209,-79.925795
7f7f4951-fd17-49f4-a129-1551b04f063e,84,11c1d4dd-7b51-4d61-b6b2-d591ff6ee592,Fifth Ave. at Maryland Ave.,40.45051,-79.927503
7f7f4951-fd17-49f4-a129-1551b04f063e,85,da8b446b-4f2f-4789-913a-f8121c569fd1,S. Negley Ave. at Fifth Ave.,40.449827,-79.929649
7f7f4951-fd17-49f4-a129-1551b04f063e,86,84e3df51-1618-4430-9723-e7a58b9532bf,Fifth Ave. at Bellefonte St.,40.448918,-79.932547
7f7f4951-fd17-49f4-a129-1551b04f063e,87,b953e313-52af-41ea-97cc-4f6b3f37614b,Fifth Ave. at S. Aiken Ave.,40.448402,-79.934211
7f7f4951-fd17-49f4-a129-1551b04f063e,88,3fb4fad2-be17-4236-b4d6-c78d307d4d37,N. Craig St. at Bayard St.,40.4498021,-79.9507276
7f7f4951-fd17-49f4-a129-1551b04f063e,89,31a9f6b8-4f67-4b2e-b419-31e8ba186cc1,Melwood Ave. at Bayard St.,40.4501003,-79.9497389
7f7f4951-fd17-49f4-a129-1551b04f063e,90,311fdadc-d1b5-4e22-9521-7c109729feee,Centre Ave. at Melwood Ave.,40.452248,-79.950847
7f7f4951-fd17-49f4-a129-1551b04f063e,91,08a08e83-6a7d-4b3a-9a90-7c3edc0297bf,N. Neville St. at Centre Ave.,40.452592,-79.9496908
7f7f4951-fd17-49f4-a129-1551b04f063e,92,77e27ff5-7238-4409-b421-5202338a51e3,N. Neville St. at Wallingford St.,40.4514955,-79.949228
7f7f4951-fd17-49f4-a129-1551b04f063e,93,286f86e6-53d0-42f3-9a90-d3099caf40a8,N. Neville St. at Bayard St.,40.4503974,-79.9487521
7f7f4951-fd17-49f4-a129-1551b04f063e,94,fc2bb910-df5c-49ca-9318-badd29a27ab2,N. Neville St. at Ellsworth Ave.,40.4479727,-79.947685
7f7f4951-fd17-49f4-a129-1551b04f063e,95,c7af9953-fd04-4d49-8ecc-346213758ccf,Devonshire St. at Ellsworth Ave.,40.4504631,-79.9450182
7f7f4951-fd17-49f4-a129-1551b04f063e,96,c66de4c8-d726-43fa-a0f6-b56d64d08376,Devonshire St. and Bayard St.,40.4513914,-79.9454272
7f7f4951-fd17-49f4-a129-1551b04f063e,97,5955a614-963a-4012-b153-baef13032279,Devonshire St. at Wallingford St.,40.4524923,-79.9458977
7f7f4951-fd17-49f4-a129-1551b04f063e,98,dd3016be-ebf8-4a54-8851-babe2018ee10,Centre Ave. at Devonshire St.,40.453417,-79.946694
7f7f4951-fd17-49f4-a129-1551b04f063e,99,e3a244ec-deca-4495-983f-7f60dc08ae1b,S. Millvale St. at Centre Ave.,40.4532873,-79.9473764
7f7f4951-fd17-49f4-a129-1551b04f063e,100,7522808f-0db4-4475-a235-949382763cf9,Centre Ave. at Morewood Ave.,40.454156,-79.944462
7f7f4951-fd17-49f4-a129-1551b04f063e,101,1fbaeaa6-7440-4604-9596-adb22b759f1d,Morewood Ave. at Bayard St.,40.4518162,-79.9433493
7f7f4951-fd17-49f4-a129-1551b04f063e,102,fedb125d-dd1b-47c3-9d4e-6791954ffc17,Morewood Ave. at Ellsworth Ave.,40.4508856,-79.9430531
7f7f4951-fd17-49f4-a129-1551b04f063e,103,774b4ab9-f53c-4f89-a4e3-a54d2b441687,Centre Ave. at Cypress St.,40.45503,-79.941477
7f7f4951-fd17-49f4-a129-1551b04f063e,104,c938f7c8-5312-4d53-a949-93de07d75878,Centre Ave. at S. Aiken Ave.,40.455902,-79.938577
7f7f4951-fd17-49f4-a129-1551b04f063e,105,e2b67306-d5ff-486c-96a0-04d943fcd5d7,S. Aiken Ave. at Claybourne St.,40.4549015,-79.9379854
7f7f4951-fd17-49f4-a129-1551b04f063e,106,95efb6fa-2f15-4de8-8f80-bc63a72bb8b6,S. Aiken Ave. at Ellsworth Ave.,40.4527432,-79.936718
7f7f4951-fd17-49f4-a129-1551b04f063e,107,fa4ef6ba-a3a9-4a34-9bc3-e37d5a456dd7,S. Aiken Ave. at Elmer St.,40.4518921,-79.9362306
7f7f4951-fd17-49f4-a129-1551b04f063e,108,633c9b8b-8c43-4e90-bd4f-247759d529a1,S. Aiken Ave. at Walnut St.,40.4506496,-79.9355094
7f7f4951-fd17-49f4-a129-1551b04f063e,109,2a3b3f7b-d9c2-42a7-822f-c75aff6e32e8,S. Aiken Ave. at Howe St.,40.4497803,-79.9350106
7f7f4951-fd17-49f4-a129-1551b04f063e,110,a4301eb5-e3c8-47e1-9aff-4d658bb53f4b,S. Aiken Ave. at Kentucky Ave.,40.4490963,-79.9346133
7f7f4951-fd17-49f4-a129-1551b04f063e,111,24ee2509-1874-44df-bca2-2798c007c41f,Bellefonte St. at Kentucky Ave.,40.4496177,-79.9329538
7f7f4951-fd17-49f4-a129-1551b04f063e,112,c9e4e5b1-ae1e-49f6-9d19-550ba159ade3,Bellefonte St. at Howe St.,40.4503001,-79.933347
7f7f4951-fd17-49f4-a129-1551b04f063e,113,cacd5cff-fe01-43a2-978a-3ebf0a11dcb1,Bellefonte St. at Walnut. St,40.4511631,-79.9338578
7f7f4951-fd17-49f4-a129-1551b04f063e,114,7be7f756-78dd-431d-bb2f-dcec5ee48aef,Bellefonte St. at Elmer St.,40.4524679,-79.9346045
7f7f4951-fd17-49f4-a129-1551b04f063e,115,bf0ba4e4-315f-4033-9836-d9e0ef77c565,Ellswoth Ave. at Bellefonte St.,40.4534835,-79.9351919
7f7f4951-fd17-49f4-a129-1551b04f063e,116,cb25a284-1841-4a23-aa00-4b0dc289d031,Ellsworth Ave. at Ivy St.,40.454232,-79.933564
7f7f4951-fd17-49f4-a129-1551b04f063e,117,0d3aeb36-944b-4d9a-a820-8587dbf6c6d1,Ivy St. at Elmer St.,40.4530402,-79.9329025
7f7f4951-fd17-49f4-a129-1551b04f063e,118,6966f727-160d-4aa4-99f9-29fc85cab9f7,Ivy St. at Walnut St.,40.4516895,-79.9321804
7f7f4951-fd17-49f4-a129-1551b04f063e,119,61562840-03d4-44be-bbb5-b60b856c60b7,Ivy St. @ Howe St.,40.4508112,-79.9317125
7f7f4951-fd17-49f4-a129-1551b04f063e,120,2151f338-bd01-4ffb-bcdf-6c30b54253f7,Ivy St. at Kentucky Ave.,40.4501187,-79.9313384
7f7f4951-fd17-49f4-a129-1551b04f063e,121,4d0eb3d9-e89b-43b6-b59c-4f40d0c1fd39,S. Negley Ave. at Kentucky,40.4505241,-79.9300608
7f7f4951-fd17-49f4-a129-1551b04f063e,122,615f6abf-a1d4-4679-a8dc-140f707e84b5,S. Negley Ave. at Howe St.,40.451201,-79.930458
7f7f4951-fd17-49f4-a129-1551b04f063e,123,68a9aef8-ca58-492e-af12-da53fbbe925f,S. Negley Ave. at Walnut St.,40.452063,-79.930957
7f7f4951-fd17-49f4-a129-1551b04f063e,124,06117e02-1b1f-4ef4-beae-2567c2db25cd,S. Negley Ave. at Elwood St.,40.4527447,-79.93137
7f7f4951-fd17-49f4-a129-1551b04f063e,125,fe91e07a-ad9b-4917-a0ea-fc1e7b5628b1,S. Negley Ave. at Elmer St.,40.453415,-79.931761
7f7f4951-fd17-49f4-a129-1551b04f063e,126,eb44021a-5557-4142-bdcd-cc946d1e0203,S. Negley Ave. at Ellsworth Ave.,40.454733,-79.932548
7f7f4951-fd17-49f4-a129-1551b04f063e,127,56b25005-4082-4352-8476-7bee2d0942bb,S. Negley Ave. at Centre Ave.,40.4572641,-79.9340482
7f7f4951-fd17-49f4-a129-1551b04f063e,128,b4408b9c-cad1-4f84-b91e-dcc1a24f76fc,Centre Ave. at S. Graham St.,40.4564927285,-79.9365547963
7f7f4951-fd17-49f4-a129-1551b04f063e,129,1b4fb600-4d93-4b68-9b0f-584c37e42038,S. Negley Ave. at Baum Blvd.,40.4583515,-79.9338362
7f7f4951-fd17-49f4-a129-1551b04f063e,130,c386c1e3-4a19-479b-9b18-e681d5700249,Maryland Ave. at Ellsworth Ave.,40.4561254,-79.9307957
7f7f4951-fd17-49f4-a129-1551b04f063e,131,33a77522-7667-434b-9158-8b4eecd278ac,Maryland Ave. at Alder Way,40.4554504,-79.930397
7f7f4951-fd17-49f4-a129-1551b04f063e,132,b848d072-301e-41bc-a8f0-ddc3980f2c75,Maryland Ave. at Holden St.,40.4547383,-79.9299795
7f7f4951-fd17-49f4-a129-1551b04f063e,133,651d8b4a-ce4a-4e17-ad34-e313ef377cd8,Maryland Ave. at Elmer St.,40.4541079,-79.929607
7f7f4951-fd17-49f4-a129-1551b04f063e,134,408b175d-4d19-4052-a585-75537a412b26,Maryland Ave. at Elwood St.,40.4534385,-79.9292183
7f7f4951-fd17-49f4-a129-1551b04f063e,135,d6c9fb5c-39a5-4f28-b961-6189a3cafbf0,Maryland Ave. at Walnut St.,40.4527532,-79.9288132
7f7f4951-fd17-49f4-a129-1551b04f063e,136,406ae045-9945-42c7-bef5-e4d7bf3b02cd,Maryland Ave. at Howe St.,40.4518844,-79.9283041
7f7f4951-fd17-49f4-a129-1551b04f063e,137,8f396913-c2b9-4c6a-9a6c-bdd47e66ddab,Maryland Ave. at Kentucky Ave.,40.4512022,-79.9279031
7f7f4951-fd17-49f4-a129-1551b04f063e,138,dde678f9-834f-43dc-b244-7eda433e6fa7,College St. at Kentucky Ave.,40.4518931,-79.926199
7f7f4951-fd17-49f4-a129-1551b04f063e,139,9e2b9fea-dbb6-48ff-bce6-bc85b0488825,College St. at Howe St.,40.4525674,-79.9265935
7f7f4951-fd17-49f4-a129-1551b04f063e,140,717c42f1-f1b9-4cf0-9d6c-6a94dbb5a57c,College St. at Walnut St.,40.4534343,-79.9271044
7f7f4951-fd17-49f4-a129-1551b04f063e,141,4067ac22-498f-4c3a-9db2-8fa85a9649b1,College St. at Elwood St.,40.4541126,-79.9275028
7f7f4951-fd17-49f4-a129-1551b04f063e,142,616c7acc-b897-49f1-92a1-902ec7bcca09,College St. at Elmer St.,40.454751,-79.927878
7f7f4951-fd17-49f4-a129-1551b04f063e,143,fb790c68-d277-4fcc-bcc4-4eaf853303af,College St. at Alder St.,40.4563476,-79.9288173
7f7f4951-fd17-49f4-a129-1551b04f063e,144,aeee3fd0-ca69-4067-8e30-3ec4c8f24b20,College St. at Ellsworth Ave.,40.4571555,-79.9293015
7f7f4951-fd17-49f4-a129-1551b04f063e,145,daf0c765-5d0c-4173-b6f0-adaa83e8f64b,Alder St. at Spahr St.,40.4571891,-79.927516
7f7f4951-fd17-49f4-a129-1551b04f063e,146,f3417d6c-cbc7-4324-ab7f-9781ba28777f,S. Highland Ave. at Alder St.,40.4572598846652,-79.9252179220902
7f7f4951-fd17-49f4-a129-1551b04f063e,147,5a8fb338-4611-4e88-9e90-811e3b025f0b,S. Highland Ave. at Elwood St.,40.4549944,-79.9253279
7f7f4951-fd17-49f4-a129-1551b04f063e,148,70b9789d-11fb-47c2-a97f-ddb23176ed94,S. Highland Ave. at Walnut St.,40.4541758,-79.925328
7f7f4951-fd17-49f4-a129-1551b04f063e,149,205ff099-d29b-4544-a952-8ca5e86a2d28,S. Highland Ave. at Howe St.,40.4533538702103,-79.9248028407163
7f7f4951-fd17-49f4-a129-1551b04f063e,150,db107577-8f83-412d-a887-cdd78ff498c1,S. Highland Ave. at Kentucky Ave.,40.4526171,-79.9243993
7f7f4951-fd17-49f4-a129-1551b04f063e,151,675b73cb-d41d-4404-937e-689d0fa94275,Emerson St. at Kentucky Ave.,40.4532695,-79.9227947
7f7f4951-fd17-49f4-a129-1551b04f063e,152,ebe14573-0b0f-4723-9858-66729ec1103e,Emerson St. at Howe St.,40.4539434,-79.9232002
7f7f4951-fd17-49f4-a129-1551b04f063e,153,89f12d8b-7104-4e1a-b8ec-71e3760a4ca3,Emerson St. at Walnut St.,40.4550613,-79.9238736
7f7f4951-fd17-49f4-a129-1551b04f063e,154,e9845f35-0bcf-46c1-bec2-c04df194dede,Emerson St. at Alder St.,40.4570389,-79.9236015
7f7f4951-fd17-49f4-a129-1551b04f063e,155,1c731a65-a71b-4052-9be3-552feaecf864,Emerson St. at Ellsworth Ave.,40.4591669,-79.923232
b90432ce-5b11-4c6e-bc09-431f54ed5970,0,ea8d68f1-43fe-4539-9b7b-91a5e173abe3,300 South Craig,40.4455656392511,-79.9488756144305
b90432ce-5b11-4c6e-bc09-431f54ed5970,1,b4004f8c-a56b-4f1f-8f69-2d72c39a9fcf,Hamburg Hall (Forbes Ave.),40.4445442061883,-79.9449726240479
b90432ce-5b11-4c6e-bc09-431f54ed5970,2,4cfa4ecc-863c-4861-8ca5-5cc55c0d011a,Cohon University Center (Forbes Ave.),40.4443727506843,-79.941604938795
b90432ce-5b11-4c6e-bc09-431f54ed5970,3,204983f1-0666-4382-88ce-83a85fc12ab9,Margaret Morrison Plaza,40.4419196063459,-79.9395267189337
b90432ce-5b11-4c6e-bc09-431f54ed5970,4,f76699d8-bd84-4596-a9f5-5a6f99a5d38f,Tech St. at Frew St. Stop Sign,40.440611,-79.942139
b90432ce-5b11-4c6e-bc09-431f54ed5970,5,fedb125d-dd1b-47c3-9d4e-6791954ffc17,Morewood Ave. at Ellsworth Ave.,40.4508856,-79.9430531
b90432ce-5b11-4c6e-bc09-431f54ed5970,6,1fbaeaa6-7440-4604-9596-adb22b759f1d,Morewood Ave. at Bayard St.,40.4518162,-79.9433493
b90432ce-5b11-4c6e-bc09-431f54ed5970,7,7522808f-0db4-4475-a235-949382763cf9,Centre Ave. at Morewood Ave.,40.454156,-79.944462
b90432ce-5b11-4c6e-bc09-431f54ed5970,8,99a7827a-f440-4eab-9088-c98d04063d1f,Morewood Ave. at Baum Blvd.,40.4549763,-79.9452148
b90432ce-5b11-4c6e-bc09-431f54ed5970,9,ce3ffc70-5751-4340-872f-8bcda1c20657,Morewood Ave. at S. Millvale Ave.,40.4560092,-79.9476094
b90432ce-5b11-4c6e-bc09-431f54ed5970,10,d803cd51-8e83-4f69-a8b5-3cdaae9f537e,S. Millvale St. at Baum Blvd.,40.4543846,-79.9476674
b90432ce-5b11-4c6e-bc09-431f54ed5970,11,af7a08c2-4715-4109-98ff-32e328be2ddb,Melwood Ave. at Baum Blvd.,40.4540316,-79.9519203
b90432ce-5b11-4c6e-bc09-431f54ed5970,12,81e327dd-2003-489b-a093-9ba054bcefc7,N. Craig St. Baum Blvd.,40.4540041,-79.9533382
b90432ce-5b11-4c6e-bc09-431f54ed5970,13,27d0f80d-acbf-4c23-8520-9e47bbb47ba5,N. Craig St. at Centre Ave,40.4518912,-79.9520159
b90432ce-5b11-4c6e-bc09-431f54ed5970,14,4c93e337-57ad-44de-aa9c-d82b306298d4,N. Dithridge St. at Centre Ave.,40.4514290495499,-79.9534203396948
b90432ce-5b11-4c6e-bc09-431f54ed5970,15,3e2dea37-a94b-465e-901b-cb2c6d55cd47,Fifth Ave. at Chesterfield,40.4393605,-79.9617689
b90432ce-5b11-4c6e-bc09-431f54ed5970,16,6c31d532-8501-457d-a83e-743f61633e96,Forbes Ave. at Craft Ave.,40.4371192,-79.9631102
b90432ce-5b11-4c6e-bc09-431f54ed5970,17,a6c0d3c7-b849-42ab-88de-7cd959b4c36f,Blvd. of Allies & Craft Ave.,40.4358367,-79.9615245
b90432ce-5b11-4c6e-bc09-431f54ed5970,18,08957079-1732-45a7-aaa7-38aea95df00b,Blvd. of Allies & Halket St.,40.4358908,-79.9581195
b90432ce-5b11-4c6e-bc09-431f54ed5970,19,deb3eb8a-5623-4ae6-9bbd-e2780bd08704,Blvd. of Allies & Bates St.,40.4351314,-79.956416
b90432ce-5b11-4c6e-bc09-431f54ed5970,20,ed9358c4-fde2-4921-b7a3-3ffd6431cfc5,Juliet St. at Blvd. of Allies,40.4349899,-79.9559684
b90432ce-5b11-4c6e-bc09-431f54ed5970,21,daa204dc-ccb9-4b2c-ac63-530c5b449501,Juliet St. at Cato St.,40.4332206,-79.9563762
b90432ce-5b11-4c6e-bc09-431f54ed5970,22,7c53c027-f1bd-4b3b-a30c-ab80b54c41ae,Juliet St. at Frazier St.,40.4316049,-79.9566962
b90432ce-5b11-4c6e-bc09-431f54ed5970,23,c6361b22-6d5f-442f-984a-6072b95fd6b9,Ward St. at Frazier St.,40.430708,-79.9554877
b90432ce-5b11-4c6e-bc09-431f54ed5970,24,3286646f-1726-45d8-b99c-775a594316c9,Dawson St. at Frazier St.,40.4297758,-79.9542288
b90432ce-5b11-4c6e-bc09-431f54ed5970,25,ba3124de-a919-4be5-b595-381e8306954e,Parkview Ave. at Orpwood St.,40.4299931,-79.9531797
b90432ce-5b11-4c6e-bc09-431f54ed5970,26,f58ed677-1e43-40c5-9254-de9be21db1ff,Parkview Ave. at Swinburn St.,40.4316562,-79.9528254
b90432ce-5b11-4c6e-bc09-431f54ed5970,27,bbf5214b-4996-40c0-906b-8db3fc59e63c,Blvd. of Allies & Dawson St.,40.434433,-79.953185
b90432ce-5b11-4c6e-bc09-431f54ed5970,28,2bf40ef9-5f2b-41ab-af6b-309da5115277,Blvd. of Allies & Parkview Ave.,40.434222,-79.952236
b90432ce-5b11-4c6e-bc09-431f54ed5970,29,9a5417e5-a989-4571-a762-6ecc56893f0b,Dawson St. at Semple St.,40.4362244,-79.9527751
b90432ce-5b11-4c6e-bc09-431f54ed5970,30,c3c9b2ea-4922-4687-a6a6-9639ea8dab41,Parkview Ave. at Semple St.,40.4360761,-79.9518381
b90432ce-5b11-4c6e-bc09-431f54ed5970,31,fc6bd711-6915-4b6c-b10c-23a47715e405,Dawson St. at Atwood St.,40.4369537,-79.9524899
b90432ce-5b11-4c6e-bc09-431f54ed5970,32,4c9f74cc-28fa-4ce7-90f2-52f9f8a61f73,Dawson St. at Oakland Ave.,40.437807,-79.9521274
b90432ce-5b11-4c6e-bc09-431f54ed5970,33,57088fa9-f782-4856-93c3-78b5360aa3d0,S. Bouquet St. at Dawson St.,40.439208,-79.9515522
b90432ce-5b11-4c6e-bc09-431f54ed5970,34,94f79b06-80f6-425b-84bc-379fcfd8adf1,Joncaire St. at Boundary St.,40.4404119,-79.9501893
b90432ce-5b11-4c6e-bc09-431f54ed5970,35,8dd76570-ec72-4b73-8ee6-0c970e4e2a91,Fifth Ave. at S. Neville St.,40.4470358764699,-79.9473123803739
b90432ce-5b11-4c6e-bc09-431f54ed5970,36,fc2bb910-df5c-49ca-9318-badd29a27ab2,N. Neville St. at Ellsworth Ave.,40.4479727,-79.947685
b90432ce-5b11-4c6e-bc09-431f54ed5970,37,c7af9953-fd04-4d49-8ecc-346213758ccf,Devonshire St. at Ellsworth Ave.,40.4504631,-79.9450182
b90432ce-5b11-4c6e-bc09-431f54ed5970,38,c66de4c8-d726-43fa-a0f6-b56d64d08376,Devonshire St. and Bayard St.,40.4513914,-79.9454272
b90432ce-5b11-4c6e-bc09-431f54ed5970,39,5955a614-963a-4012-b153-baef13032279,Devonshire St. at Wallingford St.,40.4524923,-79.9458977
b90432ce-5b11-4c6e-bc09-431f54ed5970,40,dd3016be-ebf8-4a54-8851-babe2018ee10,Centre Ave. at Devonshire St.,40.453417,-79.946694
b90432ce-5b11-4c6e-bc09-431f54ed5970,41,e3a244ec-deca-4495-983f-7f60dc08ae1b,S. Millvale St. at Centre Ave.,40.4532873,-79.9473764
b90432ce-5b11-4c6e-bc09-431f54ed5970,42,08a08e83-6a7d-4b3a-9a90-7c3edc0297bf,N. Neville St. at Centre Ave.,40.452592,-79.9496908
b90432ce-5b11-4c6e-bc09-431f54ed5970,43,1a043dcc-bb72-401f-8832-e61cda03bbc6,Centre Ave. at N. Neville St.,40.452536,-79.949957
b90432ce-5b11-4c6e-bc09-431f54ed5970,44,77e27ff5-7238-4409-b421-5202338a51e3,N. Neville St. at Wallingford St.,40.4514955,-79.949228
b90432ce-5b11-4c6e-bc09-431f54ed5970,45,286f86e6-53d0-42f3-9a90-d3099caf40a8,N. Neville St. at Bayard St.,40.4503974,-79.9487521
b90432ce-5b11-4c6e-bc09-431f54ed5970,46,31a9f6b8-4f67-4b2e-b419-31e8ba186cc1,Melwood Ave. at Bayard St.,40.4501003,-79.9497389
b90432ce-5b11-4c6e-bc09-431f54ed5970,47,311fdadc-d1b5-4e22-9521-7c109729feee,Centre Ave. at Melwood Ave.,40.452248,-79.950847
b90432ce-5b11-4c6e-bc09-431f54ed5970,48,3fb4fad2-be17-4236-b4d6-c78d307d4d37,N. Craig St. at Bayard St.,40.4498021,-79.9507276
b90432ce-5b11-4c6e-bc09-431f54ed5970,49,0900afc3-0cc6-45e2-a877-cbe3fa10d1ea,N. Dithridge St. at Bayard St.,40.448866,-79.951694
b90432ce-5b11-4c6e-bc09-431f54ed5970,50,c4f7f203-a459-4c2d-afea-1964b213e90a,N. Dithridge St. at St. Paul's Rectory,40.447194,-79.950694
b90432ce-5b11-4c6e-bc09-431f54ed5970,51,992b45e3-db36-4f1e-8545-20fe66ad63e5,S. Bouquet St. at Forbes Ave.,40.4419615,-79.9564286
b90432ce-5b11-4c6e-bc09-431f54ed5970,52,70e6d096-e850-4f43-81cd-ac30b01a688f,S. Bouquet St. at Joncaire St.,40.4404711,-79.9537597
b90432ce-5b11-4c6e-bc09-431f54ed5970,53,f93b37b8-afb4-4cea-8e48-8d0179e6735f,S. Bouquet St. at Pier St.,40.4400317,-79.9529637
b90432ce-5b11-4c6e-bc09-431f54ed5970,54,520001ce-ea9d-4563-a7fe-21f6554ea801,S. Bouquet St. at Bates St.,40.4396849,-79.9523403
b90432ce-5b11-4c6e-bc09-431f54ed5970,55,fcab6ed4-9209-4ff3-ab43-cca93d135ea6,Bates St. at Oakland Ave.,40.4386712,-79.9533726
b90432ce-5b11-4c6e-bc09-431f54ed5970,56,faec26de-03cb-4762-9fcd-e6eac78ff475,Bates St. at Atwood St.,40.4381208,-79.9539377
b90432ce-5b11-4c6e-bc09-431f54ed5970,57,a040e9b5-a0f8-4f39-be63-878630f9d930,Bates St. at Meyran Ave.,40.4375331,-79.9545478
b90432ce-5b11-4c6e-bc09-431f54ed5970,58,b1c1014a-a5b4-458a-a36d-0c57f7875ac4,Bates St. at McKee Pl.,40.4365923,-79.9555049
b90432ce-5b11-4c6e-bc09-431f54ed5970,59,c38fad4b-0470-4e65-96f9-7082ea752f45,Ward St. at Semple St.,40.4364448,-79.9541608
b90432ce-5b11-4c6e-bc09-431f54ed5970,60,c669e82d-27df-4dd7-a7fe-503c2f359137,Ward St. at Zulema St.,40.4358207,-79.9543239
b90432ce-5b11-4c6e-bc09-431f54ed5970,61,86a264c6-de27-485e-9f4f-371c581f75a8,Blvd. of Allies & Ward St.,40.4345744,-79.9545996
b90432ce-5b11-4c6e-bc09-431f54ed5970,62,eb5974c2-3d4b-4035-b586-286c9531884c,Ward St. at Cato St.,40.4330361,-79.9549707
b90432ce-5b11-4c6e-bc09-431f54ed5970,63,b3cc9f8d-f056-4d44-9f67-04fbe53a93c0,Louisa St. at Halket St.,40.4370851,-79.9595234
b90432ce-5b11-4c6e-bc09-431f54ed5970,64,a014c435-ac4a-4557-923b-601b3f5913d8,Louisa St. at Coltart Ave.,40.4377453,-79.9586225
b90432ce-5b11-4c6e-bc09-431f54ed5970,65,13d4543c-5da3-434d-9998-17ec31fe4917,Louisa St. at McKee Pl.,40.4383932,-79.9577114
b90432ce-5b11-4c6e-bc09-431f54ed5970,66,864782ac-3040-4d52-90f0-60c6d09dd6d6,Louisa St. at Semple St.,40.4388321,-79.9571097
b90432ce-5b11-4c6e-bc09-431f54ed5970,67,12427404-d39b-459a-9aeb-28d71defeb3f,Louisa St. at Meyran St.,40.4391882,-79.9566068
b90432ce-5b11-4c6e-bc09-431f54ed5970,68,a8530194-f0f3-44cf-8d99-8c451d8b759e,Louisa St. at Atwood St.,40.4396994,-79.955902
00a55a76-231f-4cf2-8b89-f6dbd518c117,0,ea8d68f1-43fe-4539-9b7b-91a5e173abe3,300 South Craig,40.4455656392511,-79.9488756144305
00a55a76-231f-4cf2-8b89-f6dbd518c117,1,b4004f8c-a56b-4f1f-8f69-2d72c39a9fcf,Hamburg Hall (Forbes Ave.),40.4445442061883,-79.9449726240479
00a55a76-231f-4cf2-8b89-f6dbd518c117,2,4cfa4ecc-863c-4861-8ca5-5cc55c0d011a,Cohon University Center (Forbes Ave.),40.4443727506843,-79.941604938795
00a55a76-231f-4cf2-8b89-f6dbd518c117,3,204983f1-0666-4382-88ce-83a85fc12ab9,Margaret Morrison Plaza,40.4419196063459,-79.9395267189337
00a55a76-231f-4cf2-8b89-f6dbd518c117,4,f76699d8-bd84-4596-a9f5-5a6f99a5d38f,Tech St. at Frew St. Stop Sign,40.440611,-79.942139
00a55a76-231f-4cf2-8b89-f6dbd518c117,5,87d57307-f1e5-4e85-aa7f-f4a03d84e8ac,Wilkins Ave. at Beeler St.,40.4456382,-79.931247
00a55a76-231f-4cf2-8b89-f6dbd518c117,6,75a323ff-1074-4a17-bc13-ce6cb67e6098,Wilkins Ave. at Dunmoyle St.,40.4466021,-79.93339
00a55a76-231f-4cf2-8b89-f6dbd518c117,7,64b3a1d4-7224-4fcd-957f-1d8487c7caab,Wilkins Ave. at Fair Oaks St.,40.445196,-79.930269
00a55a76-231f-4cf2-8b89-f6dbd518c117,8,89fd9e2f-6f62-4d5a-82b2-fd5bcea77997,Wilkins Ave. at Bellerock St.,40.4446976,-79.9291614
00a55a76-231f-4cf2-8b89-f6dbd518c117,9,2bebda71-c7d2-44e5-ae45-460c4045c7ec,Wightman St. at Wilkins Ave.,40.4441257,-79.9279067
00a55a76-231f-4cf2-8b89-f6dbd518c117,10,1e52a2b4-e239-4e55-bdf9-817589c84ab2,Wilkins Ave. at S. Negley Ave.,40.4440295,-79.9260165
00a55a76-231f-4cf2-8b89-f6dbd518c117,11,9dd1a9f7-5b6d-4457-b1f3-1ca8083de08c,Murray Ave. at Wilkins Ave.,40.4439639,-79.9238921
00a55a76-231f-4cf2-8b89-f6dbd518c117,12,e0262cdf-c6bb-4ff7-95ff-f85a53e4618b,Wilkins Ave. at Shady Ave.,40.4438744,-79.9205204
00a55a76-231f-4cf2-8b89-f6dbd518c117,13,a3f1c84d-d97c-4383-814e-54b771e57fe5,Wilkins Ave. at Denniston St,40.4440799,-79.9191629
00a55a76-231f-4cf2-8b89-f6dbd518c117,14,ad8fd03c-02f9-48ba-ae21-1cbd46c2f670,Wilkins Ave. at Beechwood St.,40.4443505,-79.9177622
00a55a76-231f-4cf2-8b89-f6dbd518c117,15,1c0f1892-f292-4bc5-be47-a20af6ebcc1e,Beechwood Blvd. at Northumberland St.,40.4422935,-79.9171526
00a55a76-231f-4cf2-8b89-f6dbd518c117,16,c8bda4e2-9d7e-4679-84bf-82eba78f92d0,Beechwood Blvd. at Dalzell Pl.,40.4414673,-79.9169079
00a55a76-231f-4cf2-8b89-f6dbd518c117,17,47f7da09-3295-422b-a173-5deee3d6243b,Beechwood Blvd. at Aylesboro Ave.,40.440635,-79.9166665
00a55a76-231f-4cf2-8b89-f6dbd518c117,18,776ba4cf-ab06-408e-ae6f-a3bb435333ae,Beechwood Blvd. at Forbes Ave. Traffic Light,40.437972,-79.916028
00a55a76-231f-4cf2-8b89-f6dbd518c117,19,4c9afd4d-30e2-49bf-acd7-5c98b7574b31,Beacon St. at Beechwood Blvd.,40.437472,-79.913583
00a55a76-231f-4cf2-8b89-f6dbd518c117,20,63b60259-1da0-4685-b0cc-a1f5f92b2875,Beechwood Blvd. at Darlington Rd.,40.435143,-79.912454
00a55a76-231f-4cf2-8b89-f6dbd518c117,21,73c6f96f-576e-4657-bd54-077d8e5cfa04,Beacon St. at Darlington Rd.,40.436139,-79.913583
00a55a76-231f-4cf2-8b89-f6dbd518c117,22,013845d9-ec19-4a4c-87e1-266542831549,Beechwood Blvd. at Douglas St.,40.433485,-79.914012
00a55a76-231f-4cf2-8b89-f6dbd518c117,23,44f5d456-0e25-4e65-bc60-43f293b001ec,Beechwood Blvd. at Phillips Ave.,40.4326295,-79.9151009
00a55a76-231f-4cf2-8b89-f6dbd518c117,24,abaef177-fb34-489a-8941-100245873f3d,Beechwood Blvd. at Nicholson St.,40.4302838,-79.9152211
00a55a76-231f-4cf2-8b89-f6dbd518c117,25,35bdd291-4ba2-4414-9bfa-178a78963a26,Beechwood Blvd. at Forward Ave.,40.427930117144,-79.9161079701031
00a55a76-231f-4cf2-8b89-f6dbd518c117,26,42292616-c07f-46ec-bc25-2e568b81000b,Beechwood Blvd. at Morrowfield Ave.,40.426645,-79.919255
00a55a76-231f-4cf2-8b89-f6dbd518c117,27,c5053fbd-0b10-480f-a149-6e023f4a59d7,Shady Ave. at Morrowfield Ave.,40.427679,-79.9228209
00a55a76-231f-4cf2-8b89-f6dbd518c117,28,2d30441e-962c-41c7-a98d-1b61c83a1264,Murray Ave. at Morrowfield Ave.,40.4279811,-79.9253151
00a55a76-231f-4cf2-8b89-f6dbd518c117,29,95786052-11e3-4d3c-969c-bbb898fefccc,S. Negley Ave. at Solway St.,40.4429512,-79.9257884
00a55a76-231f-4cf2-8b89-f6dbd518c117,30,734b855c-0184-4099-8c4a-ea987ff3b94a,Murray Ave. at Solway St.,40.4428862,-79.9236451
00a55a76-231f-4cf2-8b89-f6dbd518c117,31,70e59d39-cf6f-428c-b579-68c675737672,Shady Ave. at Solway St.,40.4427601,-79.9201858
00a55a76-231f-4cf2-8b89-f6dbd518c117,32,ebc20dbc-54ae-404c-97f5-cda1ec119be3,Shady Ave. at Northumberland St.,40.4418226,-79.9199025
00a55a76-231f-4cf2-8b89-f6dbd518c117,33,10165239-f128-4f9b-b291-eb68694e6f62,Wightman St. at Solway St.,40.4430109,-79.9278763
00a55a76-231f-4cf2-8b89-f6dbd518c117,34,1353fe3c-940e-4079-9359-461db96a20fc,Shady Ave. at Aylesboro Ave.,40.4401711997401,-79.919574317791
00a55a76-231f-4cf2-8b89-f6dbd518c117,35,9822ce96-3a11-4966-9fee-108a78f9c544,Shady Ave. at Marlborough Ave.,40.4391111,-79.9194946
00a55a76-231f-4cf2-8b89-f6dbd518c117,36,18620fc7-8f85-423b-8010-4bde6091a916,Forbes Ave. at Shady Ave. Traffic Light,40.438111,-79.919194
00a55a76-231f-4cf2-8b89-f6dbd518c117,37,69fa38e7-3d30-4367-a97e-1eed2ab8c1bd,Forbes Ave. at Denniston St.,40.438111,-79.917611
00a55a76-231f-4cf2-8b89-f6dbd518c117,38,809837aa-f662-453b-af73-87163c16d237,Shady Ave. at Darlington Rd.,40.4371139,-79.919237
00a55a76-231f-4cf2-8b89-f6dbd518c117,39,f625652d-f352-486b-ad54-ab31dda01c0e,Darlington Rd. at Dennsiton St.,40.436842,-79.917556
00a55a76-231f-4cf2-8b89-f6dbd518c117,40,7091075f-64e0-4f5c-b3ca-d578fa22786e,Darlington Rd. at Mulhatton St.,40.4364703,-79.9162527
00a55a76-231f-4cf2-8b89-f6dbd518c117,41,f0ba44c4-c857-4c93-944a-1d74a4aee587,Bartlett St. at Mulhatton St.,40.4356633,-79.9163677
00a55a76-231f-4cf2-8b89-f6dbd518c117,42,86f9c31a-0e0e-497c-8c53-5ac9a5171d13,Beacon St. at Mulhatton St.,40.4347511634,-79.916472
00a55a76-231f-4cf2-8b89-f6dbd518c117,43,e7a301ac-a173-4397-9cfa-7be541d7458f,Shady Ave. at Bartlett St.,40.4362387,-79.9191145
00a55a76-231f-4cf2-8b89-f6dbd518c117,44,5467d029-3b8f-4231-98c7-8090078a3642,Shady Ave. at Beacon St.,40.435329,-79.91899
00a55a76-231f-4cf2-8b89-f6dbd518c117,45,6bd5a0dd-4457-430b-9771-e3ecbcff2dc8,Shady Ave. at Hobart St.,40.434306,-79.918667
00a55a76-231f-4cf2-8b89-f6dbd518c117,46,efbbeb3b-4c2f-4818-a7f4-0a62c557f182,Shady Ave. at Douglas St.,40.433472,-79.918444
00a55a76-231f-4cf2-8b89-f6dbd518c117,47,7dc5848f-96bc-4131-b722-b8aa83ff37eb,Shady Ave. at Phillips Ave.,40.432295,-79.9182437
00a55a76-231f-4cf2-8b89-f6dbd518c117,48,a77ed53b-abb5-40c2-824d-9389d71a9bdf,Shady Ave. at Tilbury Ave.,40.431935,-79.9181434
00a55a76-231f-4cf2-8b89-f6dbd518c117,49,dbe3b53a-3cd2-441a-90a5-d9e0505c306c,Tilbury Ave. at Waldron St.,40.431611,-79.918
00a55a76-231f-4cf2-8b89-f6dbd518c117,50,e5294a1d-42bd-4380-8266-be69b1c25e26,Tilbury Ave. at Crombie St.,40.430944,-79.917833
00a55a76-231f-4cf2-8b89-f6dbd518c117,51,f400ac3c-6812-41c5-a8f5-2f55b07701aa,Tilbury Ave. at Nicholson St.,40.430278,-79.91775
00a55a76-231f-4cf2-8b89-f6dbd518c117,52,5d916409-34d7-4b2d-9c39-c6dfefc4a874,Forward Ave. at Tilbury Ave. Traffic Light,40.428444,-79.918722
00a55a76-231f-4cf2-8b89-f6dbd518c117,53,fc6995db-30ae-45bf-9ec3-e9e0d8499d0b,Tilbury Ave at Alderson St,40.427514,-79.918888
00a55a76-231f-4cf2-8b89-f6dbd518c117,54,a402b27d-7883-435a-81e8-759997c32a19,Shady Ave. at Alderson St.,40.4284004,-79.9220315
00a55a76-231f-4cf2-8b89-f6dbd518c117,55,69ae51f5-167c-4830-82c1-6bd82b452f74,Forward Ave. at Shady Ave. Traffic Light,40.429167,-79.921389
00a55a76-231f-4cf2-8b89-f6dbd518c117,56,d614ade3-8f9e-4e9f-b8f9-c6b3d0a5bc5f,Shady Ave. at Nicholson St.,40.4310734,-79.9191281
cb8ad8c3-6f50-4cd5-888e-84dd11a1e95b,0,ea8d68f1-43fe-4539-9b7b-91a5e173abe3,300 South Craig,40.4455656392511,-79.9488756144305
cb8ad8c3-6f50-4cd5-888e-84dd11a1e95b,1,b4004f8c-a56b-4f1f-8f69-2d72c39a9fcf,Hamburg Hall (Forbes Ave.),40.4445442061883,-79.9449726240479
cb8ad8c3-6f50-4cd5-888e-84dd11a1e95b,2,4cfa4ecc-863c-4861-8ca5-5cc55c0d011a,Cohon University Center (Forbes Ave.),40.4443727506843,-79.941604938795
cb8ad8c3-6f50-4cd5-888e-84dd11a1e95b,3,204983f1-0666-4382-88ce-83a85fc12ab9,Margaret Morrison Plaza,40.4419196063459,-79.9395267189337
cb8ad8c3-6f50-4cd5-888e-84dd11a1e95b,4,f76699d8-bd84-4596-a9f5-5a6f99a5d38f,Tech St. at Frew St. Stop Sign,40.440611,-79.942139
cb8ad8c3-6f50-4cd5-888e-84dd11a1e95b,5,87d57307-f1e5-4e85-aa7f-f4a03d84e8ac,Wilkins Ave. at Beeler St.,40.4456382,-79.931247
cb8ad8c3-6f50-4cd5-888e-84dd11a1e95b,6,75a323ff-1074-4a17-bc13-ce6cb67e6098,Wilkins Ave. at Dunmoyle St.,40.4466021,-79.93339
cb8ad8c3-6f50-4cd5-888e-84dd11a1e95b,7,64b3a1d4-7224-4fcd-957f-1d8487c7caab,Wilkins Ave. at Fair Oaks St.,40.445196,-79.930269
cb8ad8c3-6f50-4cd5-888e-84dd11a1e95b,8,89fd9e2f-6f62-4d5a-82b2-fd5bcea77997,Wilkins Ave. at Bellerock St.,40.4446976,-79.9291614
cb8ad8c3-6f50-4cd5-888e-84dd11a1e95b,9,2bebda71-c7d2-44e5-ae45-460c4045c7ec,Wightman St. at Wilkins Ave.,40.4441257,-79.9279067
cb8ad8c3-6f50-4cd5-888e-84dd11a1e95b,10,1e52a2b4-e239-4e55-bdf9-817589c84ab2,Wilkins Ave. at S. Negley Ave.,40.4440295,-79.9260165
cb8ad8c3-6f50-4cd5-888e-84dd11a1e95b,11,9dd1a9f7-5b6d-4457-b1f3-1ca8083de08c,Murray Ave. at Wilkins Ave.,40.4439639,-79.9238921
cb8ad8c3-6f50-4cd5-888e-84dd11a1e95b,12,e0262cdf-c6bb-4ff7-95ff-f85a53e4618b,Wilkins Ave. at Shady Ave.,40.4438744,-79.9205204
cb8ad8c3-6f50-4cd5-888e-84dd11a1e95b,13,a3f1c84d-d97c-4383-814e-54b771e57fe5,Wilkins Ave. at Denniston St,40.4440799,-79.9191629
cb8ad8c3-6f50-4cd5-888e-84dd11a1e95b,14,ad8fd03c-02f9-48ba-ae21-1cbd46c2f670,Wilkins Ave. at Beechwood St.,40.4443505,-79.9177622
cb8ad8c3-6f50-4cd5-888e-84dd11a1e95b,15,1c0f1892-f292-4bc5-be47-a20af6ebcc1e,Beechwood Blvd. at Northumberland St.,40.4422935,-79.9171526
cb8ad8c3-6f50-4cd5-888e-84dd11a1e95b,16,c8bda4e2-9d7e-4679-84bf-82eba78f92d0,Beechwood Blvd. at Dalzell Pl.,40.4414673,-79.9169079
cb8ad8c3-6f50-4cd5-888e-84dd11a1e95b,17,47f7da09-3295-422b-a173-5deee3d6243b,Beechwood Blvd. at Aylesboro Ave.,40.440635,-79.9166665
cb8ad8c3-6f50-4cd5-888e-84dd11a1e95b,18,776ba4cf-ab06-408e-ae6f-a3bb435333ae,Beechwood Blvd. at Forbes Ave. Traffic Light,40.437972,-79.916028
cb8ad8c3-6f50-4cd5-888e-84dd11a1e95b,19,4c9afd4d-30e2-49bf-acd7-5c98b7574b31,Beacon St. at Beechwood Blvd.,40.437472,-79.913583
cb8ad8c3-6f50-4cd5-888e-84dd11a1e95b,20,63b60259-1da0-4685-b0cc-a1f5f92b2875,Beechwood Blvd. at Darlington Rd.,40.435143,-79.912454
cb8ad8c3-6f50-4cd5-888e-84dd11a1e95b,21,013845d9-ec19-4a4c-87e1-266542831549,Beechwood Blvd. at Douglas St.,40.433485,-79.914012
cb8ad8c3-6f50-4cd5-888e-84dd11a1e95b,22,44f5d456-0e25-4e65-bc60-43f293b001ec,Beechwood Blvd. at Phillips Ave.,40.4326295,-79.9151009
cb8ad8c3-6f50-4cd5-888e-84dd11a1e95b,23,abaef177-fb34-489a-8941-100245873f3d,Beechwood Blvd. at Nicholson St.,40.4302838,-79.9152211
cb8ad8c3-6f50-4cd5-888e-84dd11a1e95b,24,35bdd291-4ba2-4414-9bfa-178a78963a26,Beechwood Blvd. at Forward Ave.,40.427930117144,-79.9161079701031
cb8ad8c3-6f50-4cd5-888e-84dd11a1e95b,25,42292616-c07f-46ec-bc25-2e568b81000b,Beechwood Blvd. at Morrowfield Ave.,40.426645,-79.919255
cb8ad8c3-6f50-4cd5-888e-84dd11a1e95b,26,c5053fbd-0b10-480f-a149-6e023f4a59d7,Shady Ave. at Morrowfield Ave.,40.427679,-79.9228209
cb8ad8c3-6f50-4cd5-888e-84dd11a1e95b,27,2d30441e-962c-41c7-a98d-1b61c83a1264,Murray Ave. at Morrowfield Ave.,40.4279811,-79.9253151
cb8ad8c3-6f50-4cd5-888e-84dd11a1e95b,28,d233d757-4d81-4587-b0e4-cf52ce792520,Murray Ave. at Forward Ave.,40.4297511,-79.9235014
cb8ad8c3-6f50-4cd5-888e-84dd11a1e95b,29,5e3cdb73-d1a4-483d-a64b-3c46584afcfd,Pocusset St. (before Murray),40.4296131678,-79.9243010199
cb8ad8c3-6f50-4cd5-888e-84dd11a1e95b,30,c9fedac0-891d-4f79-8832-32f659037303,Wightman St. at Pocusset St. Stop Sign,40.429417,-79.9275
cb8ad8c3-6f50-4cd5-888e-84dd11a1e95b,31,5a3b0dde-4e94-482b-8d4f-169a1b71bf8a,Wightman St. at Melvin St.,40.4301443,-79.9274553
cb8ad8c3-6f50-4cd5-888e-84dd11a1e95b,32,1ba94b5e-7f96-4ac3-84f2-1439cc813020,Wightman St. at Phillips Ave. Traffic Light,40.431111,-79.927556
cb8ad8c3-6f50-4cd5-888e-84dd11a1e95b,33,93eecf71-8902-45bb-8574-cd88e9be46a5,Hobart St. at Wightman St. Traffic Light,40.432528,-79.927722
cb8ad8c3-6f50-4cd5-888e-84dd11a1e95b,34,5b987b93-0691-41b9-9e87-36e406da9965,Hobart St. at Wendover St. Speed Limit Sign,40.432417,-79.928972
cb8ad8c3-6f50-4cd5-888e-84dd11a1e95b,35,7777cf3d-0c61-47cf-8d30-50f8a1d6fc27,Hobart St. at Murdoch St.,40.4322874,-79.9305182
cb8ad8c3-6f50-4cd5-888e-84dd11a1e95b,36,293b115e-8312-4b6d-813d-3107e2bd5088,Hobart St. at Beacon St.,40.432056,-79.934889
cb8ad8c3-6f50-4cd5-888e-84dd11a1e95b,37,d2a2af9d-71c6-4766-a964-5fc4b9d66eb7,Beacon St. at Murdoch St.,40.4337375,-79.9305544
cb8ad8c3-6f50-4cd5-888e-84dd11a1e95b,38,e4aed314-6f01-43ff-a537-90e485ec12fd,Murdoch St. at Raleigh St.,40.4346054,-79.9305917
cb8ad8c3-6f50-4cd5-888e-84dd11a1e95b,39,2f6adb99-2fe7-4afd-b4e4-d61981ececd7,Forbes Ave. at Murdoch St.,40.43784,-79.930712
cb8ad8c3-6f50-4cd5-888e-84dd11a1e95b,40,10165239-f128-4f9b-b291-eb68694e6f62,Wightman St. at Solway St.,40.4430109,-79.9278763
cb8ad8c3-6f50-4cd5-888e-84dd11a1e95b,41,0a245372-20e5-411a-aeea-b8aa058afb3d,Wightman St. at Woodmont St.,40.4419654,-79.9278297
cb8ad8c3-6f50-4cd5-888e-84dd11a1e95b,42,5964c466-9032-4a1c-ac21-f2000e655146,Wightman St. at Northumberland St.,40.4409186,-79.9277849
cb8ad8c3-6f50-4cd5-888e-84dd11a1e95b,43,8fa78079-26aa-4456-9d5b-6faab21778a0,Wightman St. at Aylesboro Ave.,40.4395484,-79.9277313
cb8ad8c3-6f50-4cd5-888e-84dd11a1e95b,44,8eb1ce15-a910-46b3-abee-df5d610f4b4e,Forbes Ave. at Wighman St. PRT Stop,40.438139,-79.927528
cb8ad8c3-6f50-4cd5-888e-84dd11a1e95b,45,97fddcc8-efbd-410f-b2f1-54413a962c4b,Wightman St. at Darlington Rd.,40.4367871,-79.9277163
cb8ad8c3-6f50-4cd5-888e-84dd11a1e95b,46,c12d429c-2505-4899-b9fe-c9ce1842b7ce,Wightman St. at Bartlett St.,40.435795038,-79.9277014024
cb8ad8c3-6f50-4cd5-888e-84dd11a1e95b,47,2b4ab56e-c7bc-4962-84f8-fab85b5f2482,Beacon St. at Wightman St.,40.434127,-79.927604
cb8ad8c3-6f50-4cd5-888e-84dd11a1e95b,48,71b88cc8-a2a5-4d79-9ee8-b2959e96e2d8,Beacon St. at Wendover St.,40.4339193,-79.929094
cb8ad8c3-6f50-4cd5-888e-84dd11a1e95b,49,c0d5d098-6894-4be5-af9a-8d374f6482df,Murray Ave. at Nicholson St.,40.43172,-79.9232303
cb8ad8c3-6f50-4cd5-888e-84dd11a1e95b,50,f003f2c6-281e-422a-8baf-ff5585135c28,Murray Ave. at Phillips Ave.,40.4323609,-79.923144
cb8ad8c3-6f50-4cd5-888e-84dd11a1e95b,51,a64af06f-66f7-47e9-b3f4-84aca5696767,Murray Ave. at Douglas St.,40.4327944,-79.9230871
cb8ad8c3-6f50-4cd5-888e-84dd11a1e95b,52,ae3659cd-d438-475d-a4fe-43cbbca0c24c,Murray Ave. at Hobart St.,40.4337353,-79.9229618
cb8ad8c3-6f50-4cd5-888e-84dd11a1e95b,53,51226a6f-d93c-4d30-9f2e-616520ca4fef,Beacon St. at Murray Ave.,40.434762,-79.922823
cb8ad8c3-6f50-4cd5-888e-84dd11a1e95b,54,1caf2c85-0ebd-4add-9b08-504f7a4e44f8,Murray Ave. at Bartlett St. (Giant Eagle),40.436029,-79.9228767
cb8ad8c3-6f50-4cd5-888e-84dd11a1e95b,55,e1891b11-98c3-4107-b485-7fdacc8f9d25,Murray Ave. at Darlington Rd.,40.4369751,-79.9229261
cb8ad8c3-6f50-4cd5-888e-84dd11a1e95b,56,54d9b966-7098-4216-9f75-cf0b71e64187,Forbes Ave. at Murray Ave. Traffic Light,40.438139,-79.922722
cb8ad8c3-6f50-4cd5-888e-84dd11a1e95b,57,5bc6d247-4420-4f0b-9edf-2395c3a4ed22,Murray Ave. at Aylesboro Ave.,40.4397956,-79.9230498
cb8ad8c3-6f50-4cd5-888e-84dd11a1e95b,58,86667a26-5f8a-4e22-8b24-b9b05edda6eb,Murray Ave. at Northumberland St.,40.441425,-79.9233626
cb8ad8c3-6f50-4cd5-888e-84dd11a1e95b,59,61633736-c7dc-469c-9016-4c366c7468f9,S. Negley Ave. at Northumberland St.,40.4411885,-79.9254476
cb8ad8c3-6f50-4cd5-888e-84dd11a1e95b,60,55244d80-dfc0-464b-9938-ed7457b5fb97,S. Negley Ave. at Woodmont St.,40.4420726,-79.9256127
cb8ad8c3-6f50-4cd5-888e-84dd11a1e95b,61,95786052-11e3-4d3c-969c-bbb898fefccc,S. Negley Ave. at Solway St.,40.4429512,-79.9257884
cb8ad8c3-6f50-4cd5-888e-84dd11a1e95b,62,04dacf9c-0f8a-49cd-9d56-d1173739f90d,Murray Ave. at Woodmont St.,40.4421559,-79.9235094
cb8ad8c3-6f50-4cd5-888e-84dd11a1e95b,63,734b855c-0184-4099-8c4a-ea987ff3b94a,Murray Ave. at Solway St.,40.4428862,-79.9236451
cb8ad8c3-6f50-4cd5-888e-84dd11a1e95b,64,70e59d39-cf6f-428c-b579-68c675737672,Shady Ave. at Solway St.,40.4427601,-79.9201858
cb8ad8c3-6f50-4cd5-888e-84dd11a1e95b,65,ebc20dbc-54ae-404c-97f5-cda1ec119be3,Shady Ave. at Northumberland St.,40.4418226,-79.9199025
cb8ad8c3-6f50-4cd5-888e-84dd11a1e95b,66,1353fe3c-940e-4079-9359-461db96a20fc,Shady Ave. at Aylesboro Ave.,40.4401711997401,-79.919574317791
cb8ad8c3-6f50-4cd5-888e-84dd11a1e95b,67,9822ce96-3a11-4966-9fee-108a78f9c544,Shady Ave. at Marlborough Ave.,40.4391111,-79.9194946
cb8ad8c3-6f50-4cd5-888e-84dd11a1e95b,68,18620fc7-8f85-423b-8010-4bde6091a916,Forbes Ave. at Shady Ave. Traffic Light,40.438111,-79.919194
cb8ad8c3-6f50-4cd5-888e-84dd11a1e95b,69,809837aa-f662-453b-af73-87163c16d237,Shady Ave. at Darlington Rd.,40.4371139,-79.919237
cb8ad8c3-6f50-4cd5-888e-84dd11a1e95b,70,e7a301ac-a173-4397-9cfa-7be541d7458f,Shady Ave. at Bartlett St.,40.4362387,-79.9191145
cb8ad8c3-6f50-4cd5-888e-84dd11a1e95b,71,5467d029-3b8f-4231-98c7-8090078a3642,Shady Ave. at Beacon St.,40.435329,-79.91899
cb8ad8c3-6f50-4cd5-888e-84dd11a1e95b,72,6bd5a0dd-4457-430b-9771-e3ecbcff2dc8,Shady Ave. at Hobart St.,40.434306,-79.918667
cb8ad8c3-6f50-4cd5-888e-84dd11a1e95b,73,efbbeb3b-4c2f-4818-a7f4-0a62c557f182,Shady Ave. at Douglas St.,40.433472,-79.918444
cb8ad8c3-6f50-4cd5-888e-84dd11a1e95b,74,7dc5848f-96bc-4131-b722-b8aa83ff37eb,Shady Ave. at Phillips Ave.,40.432295,-79.9182437
cb8ad8c3-6f50-4cd5-888e-84dd11a1e95b,75,a77ed53b-abb5-40c2-824d-9389d71a9bdf,Shady Ave. at Tilbury Ave.,40.431935,-79.9181434
cb8ad8c3-6f50-4cd5-888e-84dd11a1e95b,76,d614ade3-8f9e-4e9f-b8f9-c6b3d0a5bc5f,Shady Ave. at Nicholson St.,40.4310734,-79.9191281
cb8ad8c3-6f50-4cd5-888e-84dd11a1e95b,77,69ae51f5-167c-4830-82c1-6bd82b452f74,Forward Ave. at Shady Ave. Traffic Light,40.429167,-79.921389
cb8ad8c3-6f50-4cd5-888e-84dd11a1e95b,78,a402b27d-7883-435a-81e8-759997c32a19,Shady Ave. at Alderson St.,40.4284004,-79.9220315
cb8ad8c3-6f50-4cd5-888e-84dd11a1e95b,79,fc6995db-30ae-45bf-9ec3-e9e0d8499d0b,Tilbury Ave at Alderson St,40.427514,-79.918888
cb8ad8c3-6f50-4cd5-888e-84dd11a1e95b,80,5d916409-34d7-4b2d-9c39-c6dfefc4a874,Forward Ave. at Tilbury Ave. Traffic Light,40.428444,-79.918722
cb8ad8c3-6f50-4cd5-888e-84dd11a1e95b,81,f400ac3c-6812-41c5-a8f5-2f55b07701aa,Tilbury Ave. at Nicholson St.,40.430278,-79.91775
cb8ad8c3-6f50-4cd5-888e-84dd11a1e95b,82,e5294a1d-42bd-4380-8266-be69b1c25e26,Tilbury Ave. at Crombie St.,40.430944,-79.917833
cb8ad8c3-6f50-4cd5-888e-84dd11a1e95b,83,dbe3b53a-3cd2-441a-90a5-d9e0505c306c,Tilbury Ave. at Waldron St.,40.431611,-79.918
cb8ad8c3-6f50-4cd5-888e-84dd11a1e95b,84,86f9c31a-0e0e-497c-8c53-5ac9a5171d13,Beacon St. at Mulhatton St.,40.4347511634,-79.916472
cb8ad8c3-6f50-4cd5-888e-84dd11a1e95b,85,f0ba44c4-c857-4c93-944a-1d74a4aee587,Bartlett St. at Mulhatton St.,40.4356633,-79.9163677
cb8ad8c3-6f50-4cd5-888e-84dd11a1e95b,86,73c6f96f-576e-4657-bd54-077d8e5cfa04,Beacon St. at Darlington Rd.,40.436139,-79.913583
cb8ad8c3-6f50-4cd5-888e-84dd11a1e95b,87,7091075f-64e0-4f5c-b3ca-d578fa22786e,Darlington Rd. at Mulhatton St.,40.4364703,-79.9162527
cb8ad8c3-6f50-4cd5-888e-84dd11a1e95b,88,f625652d-f352-486b-ad54-ab31dda01c0e,Darlington Rd. at Dennsiton St.,40.436842,-79.917556
cb8ad8c3-6f50-4cd5-888e-84dd11a1e95b,89,69fa38e7-3d30-4367-a97e-1eed2ab8c1bd,Forbes Ave. at Denniston St.,40.438111,-79.917611
d156d457-473e-405f-af31-22e9a44ad2f2,0,ea8d68f1-43fe-4539-9b7b-91a5e173abe3,300 South Craig,40.4455656392511,-79.9488756144305
d156d457-473e-405f-af31-22e9a44ad2f2,1,b4004f8c-a56b-4f1f-8f69-2d72c39a9fcf,Hamburg Hall (Forbes Ave.),40.4445442061883,-79.9449726240479
d156d457-473e-405f-af31-22e9a44ad2f2,2,4cfa4ecc-863c-4861-8ca5-5cc55c0d011a,Cohon University Center (Forbes Ave.),40.4443727506843,-79.941604938795
d156d457-473e-405f-af31-22e9a44ad2f2,3,204983f1-0666-4382-88ce-83a85fc12ab9,Margaret Morrison Plaza,40.4419196063459,-79.9395267189337
d156d457-473e-405f-af31-22e9a44ad2f2,4,f76699d8-bd84-4596-a9f5-5a6f99a5d38f,Tech St. at Frew St. Stop Sign,40.440611,-79.942139
d156d457-473e-405f-af31-22e9a44ad2f2,5,0a245372-20e5-411a-aeea-b8aa058afb3d,Wightman St. at Woodmont St.,40.4419654,-79.9278297
d156d457-473e-405f-af31-22e9a44ad2f2,6,5964c466-9032-4a1c-ac21-f2000e655146,Wightman St. at Northumberland St.,40.4409186,-79.9277849
d156d457-473e-405f-af31-22e9a44ad2f2,7,8fa78079-26aa-4456-9d5b-6faab21778a0,Wightman St. at Aylesboro Ave.,40.4395484,-79.9277313
d156d457-473e-405f-af31-22e9a44ad2f2,8,8eb1ce15-a910-46b3-abee-df5d610f4b4e,Forbes Ave. at Wighman St. PRT Stop,40.438139,-79.927528
d156d457-473e-405f-af31-22e9a44ad2f2,9,97fddcc8-efbd-410f-b2f1-54413a962c4b,Wightman St. at Darlington Rd.,40.4367871,-79.9277163
d156d457-473e-405f-af31-22e9a44ad2f2,10,c12d429c-2505-4899-b9fe-c9ce1842b7ce,Wightman St. at Bartlett St.,40.435795038,-79.9277014024
d156d457-473e-405f-af31-22e9a44ad2f2,11,2b4ab56e-c7bc-4962-84f8-fab85b5f2482,Beacon St. at Wightman St.,40.434127,-79.927604
d156d457-473e-405f-af31-22e9a44ad2f2,12,71b88cc8-a2a5-4d79-9ee8-b2959e96e2d8,Beacon St. at Wendover St.,40.4339193,-79.929094
d156d457-473e-405f-af31-22e9a44ad2f2,13,1ba94b5e-7f96-4ac3-84f2-1439cc813020,Wightman St. at Phillips Ave. Traffic Light,40.431111,-79.927556
d156d457-473e-405f-af31-22e9a44ad2f2,14,5a3b0dde-4e94-482b-8d4f-169a1b71bf8a,Wightman St. at Melvin St.,40.4301443,-79.9274553
d156d457-473e-405f-af31-22e9a44ad2f2,15,c9fedac0-891d-4f79-8832-32f659037303,Wightman St. at Pocusset St. Stop Sign,40.429417,-79.9275
d156d457-473e-405f-af31-22e9a44ad2f2,16,5e3cdb73-d1a4-483d-a64b-3c46584afcfd,Pocusset St. (before Murray),40.4296131678,-79.9243010199
d156d457-473e-405f-af31-22e9a44ad2f2,17,d233d757-4d81-4587-b0e4-cf52ce792520,Murray Ave. at Forward Ave.,40.4297511,-79.9235014
d156d457-473e-405f-af31-22e9a44ad2f2,18,920a4fc5-a526-4b0e-9e20-df0d88fea3be,Murray Ave. at Nicholson St.,40.43172,-79.9232303
d156d457-473e-405f-af31-22e9a44ad2f2,19,f003f2c6-281e-422a-8baf-ff5585135c28,Murray Ave. at Phillips Ave.,40.4323609,-79.923144
d156d457-473e-405f-af31-22e9a44ad2f2,20,a64af06f-66f7-47e9-b3f4-84aca5696767,Murray Ave. at Douglas St.,40.4327944,-79.9230871
d156d457-473e-405f-af31-22e9a44ad2f2,21,ae3659cd-d438-475d-a4fe-43cbbca0c24c,Murray Ave. at Hobart St.,40.4337353,-79.9229618
d156d457-473e-405f-af31-22e9a44ad2f2,22,51226a6f-d93c-4d30-9f2e-616520ca4fef,Beacon St. at Murray Ave.,40.434762,-79.922823
d156d457-473e-405f-af31-22e9a44ad2f2,23,1caf2c85-0ebd-4add-9b08-504f7a4e44f8,Murray Ave. at Bartlett St. (Giant Eagle),40.436029,-79.9228767
d156d457-473e-405f-af31-22e9a44ad2f2,24,e1891b11-98c3-4107-b485-7fdacc8f9d25,Murray Ave. at Darlington Rd.,40.4369751,-79.9229261
d156d457-473e-405f-af31-22e9a44ad2f2,25,54d9b966-7098-4216-9f75-cf0b71e64187,Forbes Ave. at Murray Ave. Traffic Light,40.438139,-79.922722
d156d457-473e-405f-af31-22e9a44ad2f2,26,5bc6d247-4420-4f0b-9edf-2395c3a4ed22,Murray Ave. at Aylesboro Ave.,40.4397956,-79.9230498
d156d457-473e-405f-af31-22e9a44ad2f2,27,86667a26-5f8a-4e22-8b24-b9b05edda6eb,Murray Ave. at Northumberland St.,40.441425,-79.9233626
d156d457-473e-405f-af31-22e9a44ad2f2,28,04dacf9c-0f8a-49cd-9d56-d1173739f90d,Murray Ave. at Woodmont St.,40.4421559,-79.9235094
d156d457-473e-405f-af31-22e9a44ad2f2,29,55244d80-dfc0-464b-9938-ed7457b5fb97,S. Negley Ave. at Woodmont St.,40.4420726,-79.9256127
d156d457-473e-405f-af31-22e9a44ad2f2,30,61633736-c7dc-469c-9016-4c366c7468f9,S. Negley Ave. at Northumberland St.,40.4411885,-79.9254476
d156d457-473e-405f-af31-22e9a44ad2f2,31,2f6adb99-2fe7-4afd-b4e4-d61981ececd7,Forbes Ave. at Murdoch St.,40.43784,-79.930712
d156d457-473e-405f-af31-22e9a44ad2f2,32,e4aed314-6f01-43ff-a537-90e485ec12fd,Murdoch St. at Raleigh St.,40.4346054,-79.9305917
d156d457-473e-405f-af31-22e9a44ad2f2,33,d2a2af9d-71c6-4766-a964-5fc4b9d66eb7,Beacon St. at Murdoch St.,40.4337375,-79.9305544
d156d457-473e-405f-af31-22e9a44ad2f2,34,293b115e-8312-4b6d-813d-3107e2bd5088,Hobart St. at Beacon St.,40.432056,-79.934889
d156d457-473e-405f-af31-22e9a44ad2f2,35,93eecf71-8902-45bb-8574-cd88e9be46a5,Hobart St. at Wightman St. Traffic Light,40.432528,-79.927722
d2dba04e-c0ea-4bdd-bfee-4a89612087fd,0,6eb4b1a7-82ac-43ae-92ed-422f44b5a79c,Morewood Gardens Turn-around,40.445417,-79.942778
d2dba04e-c0ea-4bdd-bfee-4a89612087fd,1,f76699d8-bd84-4596-a9f5-5a6f99a5d38f,Tech St. at Frew St. Stop Sign,40.440611,-79.942139
d2dba04e-c0ea-4bdd-bfee-4a89612087fd,2,7ee14732-45ab-43b8-9796-11b2c5b6031b,Greenfield Rd. at Overlook Dr. (Fire Hydrant),40.432444,-79.938361
d2dba04e-c0ea-4bdd-bfee-4a89612087fd,3,a1178fb9-edcd-4579-9f1b-0247600450c0,Greenfield Bridge at Alger St.,40.42733,-79.938622
d2dba04e-c0ea-4bdd-bfee-4a89612087fd,4,6760bc65-de0e-452d-8b14-e5b03e69e829,Greenfield Ave. at Winterburn Ave.,40.426167,-79.939796
d2dba04e-c0ea-4bdd-bfee-4a89612087fd,5,a6d86779-92b2-4ba2-bdae-70231f2cbc97,Greenfield Ave. at Lydia St.,40.425495,-79.942497
d2dba04e-c0ea-4bdd-bfee-4a89612087fd,6,0a35c91d-c9ac-4ebf-b0c8-085061126204,Greenfield Ave. at Yoder St.,40.425159,-79.947118
d2dba04e-c0ea-4bdd-bfee-4a89612087fd,7,3f7ec7da-fd64-40f5-a14a-1d4021f00f01,Pittsburgh Technology Center,40.432604,-79.964236
d2dba04e-c0ea-4bdd-bfee-4a89612087fd,11,cfb5d30f-10db-408a-b79b-ad12871bdf51,Ronald St. at Donegal Way,40.4266696471704,-79.9386163962637
d73a82b6-627d-405b-9431-421535f4e021,0,6eb4b1a7-82ac-43ae-92ed-422f44b5a79c,Morewood Gardens Turn-around,40.445417,-79.942778
d73a82b6-627d-405b-9431-421535f4e021,1,f76699d8-bd84-4596-a9f5-5a6f99a5d38f,Tech St. at Frew St. Stop Sign,40.440611,-79.942139
d73a82b6-627d-405b-9431-421535f4e021,2,7ee14732-45ab-43b8-9796-11b2c5b6031b,Greenfield Rd. at Overlook Dr. (Fire Hydrant),40.432444,-79.938361
d73a82b6-627d-405b-9431-421535f4e021,3,a1178fb9-edcd-4579-9f1b-0247600450c0,Greenfield Bridge at Alger St.,40.42733,-79.938622
d73a82b6-627d-405b-9431-421535f4e021,4,6760bc65-de0e-452d-8b14-e5b03e69e829,Greenfield Ave. at Winterburn Ave.,40.426167,-79.939796
d73a82b6-627d-405b-9431-421535f4e021,5,a6d86779-92b2-4ba2-bdae-70231f2cbc97,Greenfield Ave. at Lydia St.,40.425495,-79.942497
d73a82b6-627d-405b-9431-421535f4e021,6,0a35c91d-c9ac-4ebf-b0c8-085061126204,Greenfield Ave. at Yoder St.,40.425159,-79.947118
d73a82b6-627d-405b-9431-421535f4e021,7,300dd201-53e0-4a32-a92c-0788d5cacc84,Mill 19 Entrance A at Crosswalk,40.4149690711931,-79.9484539174558
d73a82b6-627d-405b-9431-421535f4e021,8,3f7ec7da-fd64-40f5-a14a-1d4021f00f01,Pittsburgh Technology Center,40.432604,-79.964236
d73a82b6-627d-405b-9431-421535f4e021,11,e481276e-6ef7-4e67-9c2a-9b0b4c0f6733,Greenfield Ave. at Winterburn Ave.,40.426231,-79.939728
d73a82b6-627d-405b-9431-421535f4e021,12,cfb5d30f-10db-408a-b79b-ad12871bdf51,Ronald St. at Donegal Way,40.4266696471704,-79.9386163962637
d73a82b6-627d-405b-9431-421535f4e021,13,b9b39ee8-15e5-47c1-8cc5-8dc0b01f9152,Tech St. at Frew St.,40.440536,-79.941874
