route_id,segment_index,from_stop_id,to_stop_id,distance_meters,duration_seconds
d493d9ef-7628-4116-bbec-adb2d208bbe5,0,0617602e-abc9-4063-ab36-43afd002494f,2987ba0b-ae93-47b5-854d-37adf49426e3,205,68
d493d9ef-7628-4116-bbec-adb2d208bbe5,1,0900afc3-0cc6-45e2-a877-cbe3fa10d1ea,4c93e337-57ad-44de-aa9c-d82b306298d4,336,72
d493d9ef-7628-4116-bbec-adb2d208bbe5,2,1a043dcc-bb72-401f-8832-e61cda03bbc6,dd3016be-ebf8-4a54-8851-babe2018ee10,293,51
d493d9ef-7628-4116-bbec-adb2d208bbe5,3,2987ba0b-ae93-47b5-854d-37adf49426e3,eb44021a-5557-4142-bdcd-cc946d1e0203,162,32
d493d9ef-7628-4116-bbec-adb2d208bbe5,4,311fdadc-d1b5-4e22-9521-7c109729feee,1a043dcc-bb72-401f-8832-e61cda03bbc6,82,20
d493d9ef-7628-4116-bbec-adb2d208bbe5,5,4c93e337-57ad-44de-aa9c-d82b306298d4,311fdadc-d1b5-4e22-9521-7c109729feee,236,57
d493d9ef-7628-4116-bbec-adb2d208bbe5,6,615f6abf-a1d4-4679-a8dc-140f707e84b5,da8b446b-4f2f-4789-913a-f8121c569fd1,167,36
d493d9ef-7628-4116-bbec-adb2d208bbe5,7,689c721e-7080-426e-80fb-4ab48d3a98a5,c4f7f203-a459-4c2d-afea-1964b213e90a,166,33
d493d9ef-7628-4116-bbec-adb2d208bbe5,8,68a9aef8-ca58-492e-af12-da53fbbe925f,615f6abf-a1d4-4679-a8dc-140f707e84b5,106,18
d493d9ef-7628-4116-bbec-adb2d208bbe5,9,6eb4b1a7-82ac-43ae-92ed-422f44b5a79c,aae90932-676a-4c7e-b783-af8003a1af1d,499,124
d493d9ef-7628-4116-bbec-adb2d208bbe5,10,7522808f-0db4-4475-a235-949382763cf9,774b4ab9-f53c-4f89-a4e3-a54d2b441687,272,61
d493d9ef-7628-4116-bbec-adb2d208bbe5,11,774b4ab9-f53c-4f89-a4e3-a54d2b441687,c938f7c8-5312-4d53-a949-93de07d75878,269,73
d493d9ef-7628-4116-bbec-adb2d208bbe5,12,84e3df51-1618-4430-9723-e7a58b9532bf,b953e313-52af-41ea-97cc-4f6b3f37614b,152,23
d493d9ef-7628-4116-bbec-adb2d208bbe5,13,aae90932-676a-4c7e-b783-af8003a1af1d,689c721e-7080-426e-80fb-4ab48d3a98a5,402,91
d493d9ef-7628-4116-bbec-adb2d208bbe5,14,b4408b9c-cad1-4f84-b91e-dcc1a24f76fc,0617602e-abc9-4063-ab36-43afd002494f,168,47
d493d9ef-7628-4116-bbec-adb2d208bbe5,15,b953e313-52af-41ea-97cc-4f6b3f37614b,cc2eb61a-f787-484e-af8f-328d7920ba0d,237,37
d493d9ef-7628-4116-bbec-adb2d208bbe5,16,c4f7f203-a459-4c2d-afea-1964b213e90a,0900afc3-0cc6-45e2-a877-cbe3fa10d1ea,212,36
d493d9ef-7628-4116-bbec-adb2d208bbe5,17,c938f7c8-5312-4d53-a949-93de07d75878,b4408b9c-cad1-4f84-b91e-dcc1a24f76fc,186,50
d493d9ef-7628-4116-bbec-adb2d208bbe5,18,cc2eb61a-f787-484e-af8f-328d7920ba0d,6eb4b1a7-82ac-43ae-92ed-422f44b5a79c,714,134
d493d9ef-7628-4116-bbec-adb2d208bbe5,19,da8b446b-4f2f-4789-913a-f8121c569fd1,84e3df51-1618-4430-9723-e7a58b9532bf,265,35
d493d9ef-7628-4116-bbec-adb2d208bbe5,20,dd3016be-ebf8-4a54-8851-babe2018ee10,7522808f-0db4-4475-a235-949382763cf9,207,33
d493d9ef-7628-4116-bbec-adb2d208bbe5,21,eb44021a-5557-4142-bdcd-cc946d1e0203,fe91e07a-ad9b-4917-a0ea-fc1e7b5628b1,163,26
d493d9ef-7628-4116-bbec-adb2d208bbe5,22,fe91e07a-ad9b-4917-a0ea-fc1e7b5628b1,68a9aef8-ca58-492e-af12-da53fbbe925f,164,26
967e607e-34fd-4451-a33f-01d4b8157cd3,0,076c69a1-d116-4350-991f-e18676b95b43,64aa846f-36fb-446d-99c4-cd33e19583de,176,26
967e607e-34fd-4451-a33f-01d4b8157cd3,1,0900afc3-0cc6-45e2-a877-cbe3fa10d1ea,4c93e337-57ad-44de-aa9c-d82b306298d4,336,76
967e607e-34fd-4451-a33f-01d4b8157cd3,2,11c1d4dd-7b51-4d61-b6b2-d591ff6ee592,da8b446b-4f2f-4789-913a-f8121c569fd1,197,36
967e607e-34fd-4451-a33f-01d4b8157cd3,3,17b59b43-c876-4d9c-b1ef-1e14cafee8eb,49c6247e-131e-4c0b-968e-665e5f320ba3,275,45
967e607e-34fd-4451-a33f-01d4b8157cd3,4,1a043dcc-bb72-401f-8832-e61cda03bbc6,dd3016be-ebf8-4a54-8851-babe2018ee10,289,58
967e607e-34fd-4451-a33f-01d4b8157cd3,5,2987ba0b-ae93-47b5-854d-37adf49426e3,5f3c1dc0-64e2-491c-af6f-4ccd49ef122c,231,85
967e607e-34fd-4451-a33f-01d4b8157cd3,6,311fdadc-d1b5-4e22-9521-7c109729feee,1a043dcc-bb72-401f-8832-e61cda03bbc6,82,23
967e607e-34fd-4451-a33f-01d4b8157cd3,7,37f01e68-57ab-4386-b38a-811e9f6b9a29,17b59b43-c876-4d9c-b1ef-1e14cafee8eb,179,48
967e607e-34fd-4451-a33f-01d4b8157cd3,8,4977f8f4-05c2-4721-90f0-cde4ad5a55da,a01ee824-2209-4927-8252-532d8c50b9f1,74,18
967e607e-34fd-4451-a33f-01d4b8157cd3,9,49c6247e-131e-4c0b-968e-665e5f320ba3,076c69a1-d116-4350-991f-e18676b95b43,100,16
967e607e-34fd-4451-a33f-01d4b8157cd3,10,4c93e337-57ad-44de-aa9c-d82b306298d4,311fdadc-d1b5-4e22-9521-7c109729feee,236,63
967e607e-34fd-4451-a33f-01d4b8157cd3,11,5e91626f-13ea-4af1-a4de-f3e56109a7e0,11c1d4dd-7b51-4d61-b6b2-d591ff6ee592,164,19
967e607e-34fd-4451-a33f-01d4b8157cd3,12,5f0d5837-0646-4ca2-be83-1bf5b010ba8a,a1e0a969-63dd-407e-b114-68aa4eaffaeb,153,20
967e607e-34fd-4451-a33f-01d4b8157cd3,13,5f3c1dc0-64e2-491c-af6f-4ccd49ef122c,a2dbee05-84fd-4951-9c67-115928124323,315,66
967e607e-34fd-4451-a33f-01d4b8157cd3,14,64aa846f-36fb-446d-99c4-cd33e19583de,f32c4dc4-4df2-457f-9b7a-240aa8a48667,200,36
967e607e-34fd-4451-a33f-01d4b8157cd3,15,689c721e-7080-426e-80fb-4ab48d3a98a5,c4f7f203-a459-4c2d-afea-1964b213e90a,166,34
967e607e-34fd-4451-a33f-01d4b8157cd3,16,6eb4b1a7-82ac-43ae-92ed-422f44b5a79c,aae90932-676a-4c7e-b783-af8003a1af1d,499,145
967e607e-34fd-4451-a33f-01d4b8157cd3,17,7522808f-0db4-4475-a235-949382763cf9,774b4ab9-f53c-4f89-a4e3-a54d2b441687,272,59
967e607e-34fd-4451-a33f-01d4b8157cd3,18,774b4ab9-f53c-4f89-a4e3-a54d2b441687,c938f7c8-5312-4d53-a949-93de07d75878,269,74
967e607e-34fd-4451-a33f-01d4b8157cd3,19,84e3df51-1618-4430-9723-e7a58b9532bf,b953e313-52af-41ea-97cc-4f6b3f37614b,152,22
967e607e-34fd-4451-a33f-01d4b8157cd3,20,a01ee824-2209-4927-8252-532d8c50b9f1,c3f86f14-5a3d-438d-91c7-d094c3b87ca6,267,55
967e607e-34fd-4451-a33f-01d4b8157cd3,21,a17b213e-9af7-4769-b8a9-6fc9165d9af3,cb25a284-1841-4a23-aa00-4b0dc289d031,161,27
967e607e-34fd-4451-a33f-01d4b8157cd3,22,a1e0a969-63dd-407e-b114-68aa4eaffaeb,5e91626f-13ea-4af1-a4de-f3e56109a7e0,173,21
967e607e-34fd-4451-a33f-01d4b8157cd3,23,a2dbee05-84fd-4951-9c67-115928124323,ad70a020-71d8-47a3-bfc5-be7d0ae182ef,335,58
967e607e-34fd-4451-a33f-01d4b8157cd3,24,aae90932-676a-4c7e-b783-af8003a1af1d,689c721e-7080-426e-80fb-4ab48d3a98a5,405,99
967e607e-34fd-4451-a33f-01d4b8157cd3,25,ad70a020-71d8-47a3-bfc5-be7d0ae182ef,e0863f21-315c-4ead-99de-e3f3a0c6f1cc,268,65
967e607e-34fd-4451-a33f-01d4b8157cd3,26,b953e313-52af-41ea-97cc-4f6b3f37614b,cc2eb61a-f787-484e-af8f-328d7920ba0d,237,37
967e607e-34fd-4451-a33f-01d4b8157cd3,27,c3f86f14-5a3d-438d-91c7-d094c3b87ca6,37f01e68-57ab-4386-b38a-811e9f6b9a29,235,78
967e607e-34fd-4451-a33f-01d4b8157cd3,28,c4f7f203-a459-4c2d-afea-1964b213e90a,0900afc3-0cc6-45e2-a877-cbe3fa10d1ea,212,38
967e607e-34fd-4451-a33f-01d4b8157cd3,29,c938f7c8-5312-4d53-a949-93de07d75878,a17b213e-9af7-4769-b8a9-6fc9165d9af3,538,97
967e607e-34fd-4451-a33f-01d4b8157cd3,30,cb25a284-1841-4a23-aa00-4b0dc289d031,eb44021a-5557-4142-bdcd-cc946d1e0203,102,20
967e607e-34fd-4451-a33f-01d4b8157cd3,31,cc2eb61a-f787-484e-af8f-328d7920ba0d,6eb4b1a7-82ac-43ae-92ed-422f44b5a79c,714,121
967e607e-34fd-4451-a33f-01d4b8157cd3,32,da8b446b-4f2f-4789-913a-f8121c569fd1,84e3df51-1618-4430-9723-e7a58b9532bf,265,35
967e607e-34fd-4451-a33f-01d4b8157cd3,33,dd3016be-ebf8-4a54-8851-babe2018ee10,7522808f-0db4-4475-a235-949382763cf9,207,39
967e607e-34fd-4451-a33f-01d4b8157cd3,34,e0863f21-315c-4ead-99de-e3f3a0c6f1cc,4977f8f4-05c2-4721-90f0-cde4ad5a55da,440,96
967e607e-34fd-4451-a33f-01d4b8157cd3,35,eb44021a-5557-4142-bdcd-cc946d1e0203,2987ba0b-ae93-47b5-854d-37adf49426e3,162,35
967e607e-34fd-4451-a33f-01d4b8157cd3,36,f32c4dc4-4df2-457f-9b7a-240aa8a48667,5f0d5837-0646-4ca2-be83-1bf5b010ba8a,146,18
825c4caf-c531-4dbc-b11b-f90580abb70a,0,076c69a1-d116-4350-991f-e18676b95b43,64aa846f-36fb-446d-99c4-cd33e19583de,176,26
825c4caf-c531-4dbc-b11b-f90580abb70a,1,11c1d4dd-7b51-4d61-b6b2-d591ff6ee592,3836cf24-b1b8-46a5-a00c-aa245fd3332d,197,36
825c4caf-c531-4dbc-b11b-f90580abb70a,2,17b59b43-c876-4d9c-b1ef-1e14cafee8eb,49c6247e-131e-4c0b-968e-665e5f320ba3,275,45
825c4caf-c531-4dbc-b11b-f90580abb70a,3,2987ba0b-ae93-47b5-854d-37adf49426e3,5f3c1dc0-64e2-491c-af6f-4ccd49ef122c,231,85
825c4caf-c531-4dbc-b11b-f90580abb70a,4,37f01e68-57ab-4386-b38a-811e9f6b9a29,17b59b43-c876-4d9c-b1ef-1e14cafee8eb,179,48
825c4caf-c531-4dbc-b11b-f90580abb70a,5,3836cf24-b1b8-46a5-a00c-aa245fd3332d,84e3df51-1618-4430-9723-e7a58b9532bf,265,35
825c4caf-c531-4dbc-b11b-f90580abb70a,6,4977f8f4-05c2-4721-90f0-cde4ad5a55da,a01ee824-2209-4927-8252-532d8c50b9f1,74,18
825c4caf-c531-4dbc-b11b-f90580abb70a,7,49c6247e-131e-4c0b-968e-665e5f320ba3,076c69a1-d116-4350-991f-e18676b95b43,100,16
825c4caf-c531-4dbc-b11b-f90580abb70a,8,530092c6-9a75-4620-89c7-f0ffe9e8c7c4,a1e0a969-63dd-407e-b114-68aa4eaffaeb,153,20
825c4caf-c531-4dbc-b11b-f90580abb70a,9,5965691a-b592-4e49-8cb7-cf997fa8b164,6eb4b1a7-82ac-43ae-92ed-422f44b5a79c,691,118
825c4caf-c531-4dbc-b11b-f90580abb70a,10,5965691a-b592-4e49-8cb7-cf997fa8b164,b953e313-52af-41ea-97cc-4f6b3f37614b,260,27
825c4caf-c531-4dbc-b11b-f90580abb70a,11,5e91626f-13ea-4af1-a4de-f3e56109a7e0,11c1d4dd-7b51-4d61-b6b2-d591ff6ee592,164,19
825c4caf-c531-4dbc-b11b-f90580abb70a,12,5f3c1dc0-64e2-491c-af6f-4ccd49ef122c,a2dbee05-84fd-4951-9c67-115928124323,315,66
825c4caf-c531-4dbc-b11b-f90580abb70a,13,615f6abf-a1d4-4679-a8dc-140f707e84b5,68a9aef8-ca58-492e-af12-da53fbbe925f,106,18
825c4caf-c531-4dbc-b11b-f90580abb70a,14,64aa846f-36fb-446d-99c4-cd33e19583de,f32c4dc4-4df2-457f-9b7a-240aa8a48667,200,36
825c4caf-c531-4dbc-b11b-f90580abb70a,15,68a9aef8-ca58-492e-af12-da53fbbe925f,fe91e07a-ad9b-4917-a0ea-fc1e7b5628b1,164,25
825c4caf-c531-4dbc-b11b-f90580abb70a,16,6eb4b1a7-82ac-43ae-92ed-422f44b5a79c,5965691a-b592-4e49-8cb7-cf997fa8b164,706,137
825c4caf-c531-4dbc-b11b-f90580abb70a,17,84e3df51-1618-4430-9723-e7a58b9532bf,615f6abf-a1d4-4679-a8dc-140f707e84b5,432,64
825c4caf-c531-4dbc-b11b-f90580abb70a,18,84e3df51-1618-4430-9723-e7a58b9532bf,b953e313-52af-41ea-97cc-4f6b3f37614b,152,22
825c4caf-c531-4dbc-b11b-f90580abb70a,19,a01ee824-2209-4927-8252-532d8c50b9f1,c3f86f14-5a3d-438d-91c7-d094c3b87ca6,267,55
825c4caf-c531-4dbc-b11b-f90580abb70a,20,a1e0a969-63dd-407e-b114-68aa4eaffaeb,5e91626f-13ea-4af1-a4de-f3e56109a7e0,173,21
825c4caf-c531-4dbc-b11b-f90580abb70a,21,a2dbee05-84fd-4951-9c67-115928124323,ad70a020-71d8-47a3-bfc5-be7d0ae182ef,335,58
825c4caf-c531-4dbc-b11b-f90580abb70a,22,ad70a020-71d8-47a3-bfc5-be7d0ae182ef,e0863f21-315c-4ead-99de-e3f3a0c6f1cc,268,65
825c4caf-c531-4dbc-b11b-f90580abb70a,23,b953e313-52af-41ea-97cc-4f6b3f37614b,5965691a-b592-4e49-8cb7-cf997fa8b164,260,40
825c4caf-c531-4dbc-b11b-f90580abb70a,24,b953e313-52af-41ea-97cc-4f6b3f37614b,84e3df51-1618-4430-9723-e7a58b9532bf,152,17
825c4caf-c531-4dbc-b11b-f90580abb70a,25,c3f86f14-5a3d-438d-91c7-d094c3b87ca6,37f01e68-57ab-4386-b38a-811e9f6b9a29,235,78
825c4caf-c531-4dbc-b11b-f90580abb70a,26,e0863f21-315c-4ead-99de-e3f3a0c6f1cc,4977f8f4-05c2-4721-90f0-cde4ad5a55da,440,96
825c4caf-c531-4dbc-b11b-f90580abb70a,27,eb44021a-5557-4142-bdcd-cc946d1e0203,2987ba0b-ae93-47b5-854d-37adf49426e3,162,35
825c4caf-c531-4dbc-b11b-f90580abb70a,28,f32c4dc4-4df2-457f-9b7a-240aa8a48667,530092c6-9a75-4620-89c7-f0ffe9e8c7c4,146,18
825c4caf-c531-4dbc-b11b-f90580abb70a,29,fe91e07a-ad9b-4917-a0ea-fc1e7b5628b1,eb44021a-5557-4142-bdcd-cc946d1e0203,161,26
af900fbf-8d7b-4f7c-b8bd-d0fe1453bc19,0,076c69a1-d116-4350-991f-e18676b95b43,64aa846f-36fb-446d-99c4-cd33e19583de,176,26
af900fbf-8d7b-4f7c-b8bd-d0fe1453bc19,1,11c1d4dd-7b51-4d61-b6b2-d591ff6ee592,da8b446b-4f2f-4789-913a-f8121c569fd1,197,36
af900fbf-8d7b-4f7c-b8bd-d0fe1453bc19,2,2b4ab56e-c7bc-4962-84f8-fab85b5f2482,51226a6f-d93c-4d30-9f2e-616520ca4fef,410,69
af900fbf-8d7b-4f7c-b8bd-d0fe1453bc19,3,2b4ab56e-c7bc-4962-84f8-fab85b5f2482,c12d429c-2505-4899-b9fe-c9ce1842b7ce,181,24
af900fbf-8d7b-4f7c-b8bd-d0fe1453bc19,4,2f6adb99-2fe7-4afd-b4e4-d61981ececd7,c12d429c-2505-4899-b9fe-c9ce1842b7ce,509,69
af900fbf-8d7b-4f7c-b8bd-d0fe1453bc19,5,4830c68a-c279-438b-8a6f-79443f5202fb,8810fd5d-2658-4fb8-b54f-3746373393c0,549,141
af900fbf-8d7b-4f7c-b8bd-d0fe1453bc19,6,49c6247e-131e-4c0b-968e-665e5f320ba3,076c69a1-d116-4350-991f-e18676b95b43,100,16
af900fbf-8d7b-4f7c-b8bd-d0fe1453bc19,7,4cfa4ecc-863c-4861-8ca5-5cc55c0d011a,2f6adb99-2fe7-4afd-b4e4-d61981ececd7,1276,152
af900fbf-8d7b-4f7c-b8bd-d0fe1453bc19,8,51226a6f-d93c-4d30-9f2e-616520ca4fef,2b4ab56e-c7bc-4962-84f8-fab85b5f2482,410,61
af900fbf-8d7b-4f7c-b8bd-d0fe1453bc19,9,51226a6f-d93c-4d30-9f2e-616520ca4fef,5467d029-3b8f-4231-98c7-8090078a3642,332,55
af900fbf-8d7b-4f7c-b8bd-d0fe1453bc19,10,5467d029-3b8f-4231-98c7-8090078a3642,51226a6f-d93c-4d30-9f2e-616520ca4fef,332,56
af900fbf-8d7b-4f7c-b8bd-d0fe1453bc19,11,5467d029-3b8f-4231-98c7-8090078a3642,8147e144-03bc-4812-90dc-9668c43d847a,288,66
af900fbf-8d7b-4f7c-b8bd-d0fe1453bc19,12,5e91626f-13ea-4af1-a4de-f3e56109a7e0,11c1d4dd-7b51-4d61-b6b2-d591ff6ee592,164,19
af900fbf-8d7b-4f7c-b8bd-d0fe1453bc19,13,5f0d5837-0646-4ca2-be83-1bf5b010ba8a,a1e0a969-63dd-407e-b114-68aa4eaffaeb,153,20
af900fbf-8d7b-4f7c-b8bd-d0fe1453bc19,14,64aa846f-36fb-446d-99c4-cd33e19583de,f32c4dc4-4df2-457f-9b7a-240aa8a48667,200,36
af900fbf-8d7b-4f7c-b8bd-d0fe1453bc19,15,8147e144-03bc-4812-90dc-9668c43d847a,5467d029-3b8f-4231-98c7-8090078a3642,288,59
af900fbf-8d7b-4f7c-b8bd-d0fe1453bc19,16,8147e144-03bc-4812-90dc-9668c43d847a,f32c4dc4-4df2-457f-9b7a-240aa8a48667,1707,244
af900fbf-8d7b-4f7c-b8bd-d0fe1453bc19,17,8810fd5d-2658-4fb8-b54f-3746373393c0,49c6247e-131e-4c0b-968e-665e5f320ba3,658,129
af900fbf-8d7b-4f7c-b8bd-d0fe1453bc19,18,a1e0a969-63dd-407e-b114-68aa4eaffaeb,5e91626f-13ea-4af1-a4de-f3e56109a7e0,173,21
af900fbf-8d7b-4f7c-b8bd-d0fe1453bc19,19,b953e313-52af-41ea-97cc-4f6b3f37614b,cc2eb61a-f787-484e-af8f-328d7920ba0d,237,37
af900fbf-8d7b-4f7c-b8bd-d0fe1453bc19,20,c12d429c-2505-4899-b9fe-c9ce1842b7ce,2b4ab56e-c7bc-4962-84f8-fab85b5f2482,181,27
af900fbf-8d7b-4f7c-b8bd-d0fe1453bc19,21,c12d429c-2505-4899-b9fe-c9ce1842b7ce,f5fa2c8f-86c0-4dc4-8f5a-e82cbe9282fb,496,74
af900fbf-8d7b-4f7c-b8bd-d0fe1453bc19,22,cc2eb61a-f787-484e-af8f-328d7920ba0d,6eb4b1a7-82ac-43ae-92ed-422f44b5a79c,716,122
af900fbf-8d7b-4f7c-b8bd-d0fe1453bc19,23,cdffdfa9-0a56-4bd8-a3f6-a5d67d74c901,4cfa4ecc-863c-4861-8ca5-5cc55c0d011a,373,81
af900fbf-8d7b-4f7c-b8bd-d0fe1453bc19,24,da8b446b-4f2f-4789-913a-f8121c569fd1,b953e313-52af-41ea-97cc-4f6b3f37614b,417,58
af900fbf-8d7b-4f7c-b8bd-d0fe1453bc19,25,ea8d68f1-43fe-4539-9b7b-91a5e173abe3,cdffdfa9-0a56-4bd8-a3f6-a5d67d74c901,353,88
af900fbf-8d7b-4f7c-b8bd-d0fe1453bc19,26,f32c4dc4-4df2-457f-9b7a-240aa8a48667,5f0d5837-0646-4ca2-be83-1bf5b010ba8a,146,18
af900fbf-8d7b-4f7c-b8bd-d0fe1453bc19,27,f32c4dc4-4df2-457f-9b7a-240aa8a48667,8147e144-03bc-4812-90dc-9668c43d847a,1707,254
af900fbf-8d7b-4f7c-b8bd-d0fe1453bc19,28,f32c4dc4-4df2-457f-9b7a-240aa8a48667,f1d04a03-ab28-4ad3-bfe3-4af2b1ad0ca9,440,52
af900fbf-8d7b-4f7c-b8bd-d0fe1453bc19,29,f5fa2c8f-86c0-4dc4-8f5a-e82cbe9282fb,82712690-72cb-4cad-ae6b-f2697bd8105f,1558,230
07c26a10-420f-4324-8f36-c91bc1630e9f,0,076c69a1-d116-4350-991f-e18676b95b43,64aa846f-36fb-446d-99c4-cd33e19583de,176,26
07c26a10-420f-4324-8f36-c91bc1630e9f,1,11c1d4dd-7b51-4d61-b6b2-d591ff6ee592,5e91626f-13ea-4af1-a4de-f3e56109a7e0,164,17
07c26a10-420f-4324-8f36-c91bc1630e9f,2,11c1d4dd-7b51-4d61-b6b2-d591ff6ee592,da8b446b-4f2f-4789-913a-f8121c569fd1,197,36
07c26a10-420f-4324-8f36-c91bc1630e9f,3,17b59b43-c876-4d9c-b1ef-1e14cafee8eb,f7266b0c-8075-4622-a26c-86f58382a258,282,46
07c26a10-420f-4324-8f36-c91bc1630e9f,4,5e91626f-13ea-4af1-a4de-f3e56109a7e0,11c1d4dd-7b51-4d61-b6b2-d591ff6ee592,164,19
07c26a10-420f-4324-8f36-c91bc1630e9f,5,5e91626f-13ea-4af1-a4de-f3e56109a7e0,a1e0a969-63dd-407e-b114-68aa4eaffaeb,173,19
07c26a10-420f-4324-8f36-c91bc1630e9f,6,5f0d5837-0646-4ca2-be83-1bf5b010ba8a,a1e0a969-63dd-407e-b114-68aa4eaffaeb,153,20
07c26a10-420f-4324-8f36-c91bc1630e9f,7,5f0d5837-0646-4ca2-be83-1bf5b010ba8a,e63b13e4-ab7f-4d83-bab7-1414c0f600c1,139,22
07c26a10-420f-4324-8f36-c91bc1630e9f,8,64aa846f-36fb-446d-99c4-cd33e19583de,f32c4dc4-4df2-457f-9b7a-240aa8a48667,200,36
07c26a10-420f-4324-8f36-c91bc1630e9f,9,6eb4b1a7-82ac-43ae-92ed-422f44b5a79c,82712690-72cb-4cad-ae6b-f2697bd8105f,250,94
07c26a10-420f-4324-8f36-c91bc1630e9f,10,82712690-72cb-4cad-ae6b-f2697bd8105f,ea8d68f1-43fe-4539-9b7b-91a5e173abe3,455,106
07c26a10-420f-4324-8f36-c91bc1630e9f,11,84e3df51-1618-4430-9723-e7a58b9532bf,da8b446b-4f2f-4789-913a-f8121c569fd1,265,28
07c26a10-420f-4324-8f36-c91bc1630e9f,12,8810fd5d-2658-4fb8-b54f-3746373393c0,17b59b43-c876-4d9c-b1ef-1e14cafee8eb,384,84
07c26a10-420f-4324-8f36-c91bc1630e9f,13,a1e0a969-63dd-407e-b114-68aa4eaffaeb,5e91626f-13ea-4af1-a4de-f3e56109a7e0,173,21
07c26a10-420f-4324-8f36-c91bc1630e9f,14,a1e0a969-63dd-407e-b114-68aa4eaffaeb,5f0d5837-0646-4ca2-be83-1bf5b010ba8a,153,17
07c26a10-420f-4324-8f36-c91bc1630e9f,15,b953e313-52af-41ea-97cc-4f6b3f37614b,84e3df51-1618-4430-9723-e7a58b9532bf,152,17
07c26a10-420f-4324-8f36-c91bc1630e9f,16,b953e313-52af-41ea-97cc-4f6b3f37614b,cc2eb61a-f787-484e-af8f-328d7920ba0d,237,37
07c26a10-420f-4324-8f36-c91bc1630e9f,17,cc2eb61a-f787-484e-af8f-328d7920ba0d,6eb4b1a7-82ac-43ae-92ed-422f44b5a79c,714,121
07c26a10-420f-4324-8f36-c91bc1630e9f,18,cc2eb61a-f787-484e-af8f-328d7920ba0d,b953e313-52af-41ea-97cc-4f6b3f37614b,237,24
07c26a10-420f-4324-8f36-c91bc1630e9f,19,cdffdfa9-0a56-4bd8-a3f6-a5d67d74c901,cc2eb61a-f787-484e-af8f-328d7920ba0d,1053,182
07c26a10-420f-4324-8f36-c91bc1630e9f,20,da8b446b-4f2f-4789-913a-f8121c569fd1,11c1d4dd-7b51-4d61-b6b2-d591ff6ee592,197,27
07c26a10-420f-4324-8f36-c91bc1630e9f,21,da8b446b-4f2f-4789-913a-f8121c569fd1,b953e313-52af-41ea-97cc-4f6b3f37614b,417,58
07c26a10-420f-4324-8f36-c91bc1630e9f,22,e63b13e4-ab7f-4d83-bab7-1414c0f600c1,f1d04a03-ab28-4ad3-bfe3-4af2b1ad0ca9,446,54
07c26a10-420f-4324-8f36-c91bc1630e9f,23,ea8d68f1-43fe-4539-9b7b-91a5e173abe3,cdffdfa9-0a56-4bd8-a3f6-a5d67d74c901,353,88
07c26a10-420f-4324-8f36-c91bc1630e9f,24,f32c4dc4-4df2-457f-9b7a-240aa8a48667,5f0d5837-0646-4ca2-be83-1bf5b010ba8a,146,18
07c26a10-420f-4324-8f36-c91bc1630e9f,25,f7266b0c-8075-4622-a26c-86f58382a258,076c69a1-d116-4350-991f-e18676b95b43,93,15
a9e22e1e-a366-4fe4-973c-871eb78e2349,0,162184f7-d4d4-46eb-bab5-16ef256060cd,f76699d8-bd84-4596-a9f5-5a6f99a5d38f,250,50
a9e22e1e-a366-4fe4-973c-871eb78e2349,1,18620fc7-8f85-423b-8010-4bde6091a916,54d9b966-7098-4216-9f75-cf0b71e64187,299,89
a9e22e1e-a366-4fe4-973c-871eb78e2349,2,1ba94b5e-7f96-4ac3-84f2-1439cc813020,c9fedac0-891d-4f79-8832-32f659037303,188,27
a9e22e1e-a366-4fe4-973c-871eb78e2349,3,293b115e-8312-4b6d-813d-3107e2bd5088,5b987b93-0691-41b9-9e87-36e406da9965,504,50
a9e22e1e-a366-4fe4-973c-871eb78e2349,4,2fa1a224-7310-4082-8854-02178ee7487e,4cfa4ecc-863c-4861-8ca5-5cc55c0d011a,703,151
a9e22e1e-a366-4fe4-973c-871eb78e2349,5,4c9afd4d-30e2-49bf-acd7-5c98b7574b31,776ba4cf-ab06-408e-ae6f-a3bb435333ae,250,37
a9e22e1e-a366-4fe4-973c-871eb78e2349,6,4cfa4ecc-863c-4861-8ca5-5cc55c0d011a,162184f7-d4d4-46eb-bab5-16ef256060cd,666,116
a9e22e1e-a366-4fe4-973c-871eb78e2349,7,54d9b966-7098-4216-9f75-cf0b71e64187,8eb1ce15-a910-46b3-abee-df5d610f4b4e,406,88
a9e22e1e-a366-4fe4-973c-871eb78e2349,8,5b987b93-0691-41b9-9e87-36e406da9965,93eecf71-8902-45bb-8574-cd88e9be46a5,107,17
a9e22e1e-a366-4fe4-973c-871eb78e2349,9,5d916409-34d7-4b2d-9c39-c6dfefc4a874,f400ac3c-6812-41c5-a8f5-2f55b07701aa,230,40
a9e22e1e-a366-4fe4-973c-871eb78e2349,10,5e3cdb73-d1a4-483d-a64b-3c46584afcfd,69ae51f5-167c-4830-82c1-6bd82b452f74,261,75
a9e22e1e-a366-4fe4-973c-871eb78e2349,11,69ae51f5-167c-4830-82c1-6bd82b452f74,5d916409-34d7-4b2d-9c39-c6dfefc4a874,240,39
a9e22e1e-a366-4fe4-973c-871eb78e2349,12,69fa38e7-3d30-4367-a97e-1eed2ab8c1bd,18620fc7-8f85-423b-8010-4bde6091a916,134,35
a9e22e1e-a366-4fe4-973c-871eb78e2349,13,6bd5a0dd-4457-430b-9771-e3ecbcff2dc8,b6d07d2c-403f-4ebd-9b9f-28f3e738b41f,104,19
a9e22e1e-a366-4fe4-973c-871eb78e2349,14,73c6f96f-576e-4657-bd54-077d8e5cfa04,4c9afd4d-30e2-49bf-acd7-5c98b7574b31,148,20
a9e22e1e-a366-4fe4-973c-871eb78e2349,15,776ba4cf-ab06-408e-ae6f-a3bb435333ae,69fa38e7-3d30-4367-a97e-1eed2ab8c1bd,136,29
a9e22e1e-a366-4fe4-973c-871eb78e2349,16,82712690-72cb-4cad-ae6b-f2697bd8105f,aae90932-676a-4c7e-b783-af8003a1af1d,258,53
a9e22e1e-a366-4fe4-973c-871eb78e2349,17,86f9c31a-0e0e-497c-8c53-5ac9a5171d13,73c6f96f-576e-4657-bd54-077d8e5cfa04,397,47
a9e22e1e-a366-4fe4-973c-871eb78e2349,18,8eb1ce15-a910-46b3-abee-df5d610f4b4e,f5fa2c8f-86c0-4dc4-8f5a-e82cbe9282fb,259,42
a9e22e1e-a366-4fe4-973c-871eb78e2349,19,93eecf71-8902-45bb-8574-cd88e9be46a5,1ba94b5e-7f96-4ac3-84f2-1439cc813020,182,35
a9e22e1e-a366-4fe4-973c-871eb78e2349,20,9e59521e-976e-439a-9e46-2ae59b0ac245,2fa1a224-7310-4082-8854-02178ee7487e,628,119
a9e22e1e-a366-4fe4-973c-871eb78e2349,21,aae90932-676a-4c7e-b783-af8003a1af1d,9e59521e-976e-439a-9e46-2ae59b0ac245,335,88
a9e22e1e-a366-4fe4-973c-871eb78e2349,22,b6d07d2c-403f-4ebd-9b9f-28f3e738b41f,86f9c31a-0e0e-497c-8c53-5ac9a5171d13,243,36
a9e22e1e-a366-4fe4-973c-871eb78e2349,23,c9fedac0-891d-4f79-8832-32f659037303,5e3cdb73-d1a4-483d-a64b-3c46584afcfd,281,33
a9e22e1e-a366-4fe4-973c-871eb78e2349,24,dbe3b53a-3cd2-441a-90a5-d9e0505c306c,efbbeb3b-4c2f-4818-a7f4-0a62c557f182,211,40
a9e22e1e-a366-4fe4-973c-871eb78e2349,25,e5294a1d-42bd-4380-8266-be69b1c25e26,dbe3b53a-3cd2-441a-90a5-d9e0505c306c,76,14
a9e22e1e-a366-4fe4-973c-871eb78e2349,26,efbbeb3b-4c2f-4818-a7f4-0a62c557f182,6bd5a0dd-4457-430b-9771-e3ecbcff2dc8,95,14
a9e22e1e-a366-4fe4-973c-871eb78e2349,27,f400ac3c-6812-41c5-a8f5-2f55b07701aa,e5294a1d-42bd-4380-8266-be69b1c25e26,74,12
a9e22e1e-a366-4fe4-973c-871eb78e2349,28,f5fa2c8f-86c0-4dc4-8f5a-e82cbe9282fb,82712690-72cb-4cad-ae6b-f2697bd8105f,1558,233
38c552f5-a569-446f-97e1-2f72c06eb0ad,0,06117e02-1b1f-4ef4-beae-2567c2db25cd,68a9aef8-ca58-492e-af12-da53fbbe925f,82,14
38c552f5-a569-446f-97e1-2f72c06eb0ad,1,0617602e-abc9-4063-ab36-43afd002494f,56b25005-4082-4352-8476-7bee2d0942bb,60,20
38c552f5-a569-446f-97e1-2f72c06eb0ad,2,076c69a1-d116-4350-991f-e18676b95b43,f7266b0c-8075-4622-a26c-86f58382a258,93,14
38c552f5-a569-446f-97e1-2f72c06eb0ad,3,0d3aeb36-944b-4d9a-a820-8587dbf6c6d1,6966f727-160d-4aa4-99f9-29fc85cab9f7,162,49
38c552f5-a569-446f-97e1-2f72c06eb0ad,4,11c1d4dd-7b51-4d61-b6b2-d591ff6ee592,5e91626f-13ea-4af1-a4de-f3e56109a7e0,164,17
38c552f5-a569-446f-97e1-2f72c06eb0ad,5,17b59b43-c876-4d9c-b1ef-1e14cafee8eb,37f01e68-57ab-4386-b38a-811e9f6b9a29,199,51
38c552f5-a569-446f-97e1-2f72c06eb0ad,6,1b4fb600-4d93-4b68-9b0f-584c37e42038,cdfdf7e0-5155-4fb3-996b-8920be1c3408,428,84
38c552f5-a569-446f-97e1-2f72c06eb0ad,7,1bb56af3-d313-47bb-b7a9-f87352aad921,f03a34af-74e1-41cb-ae5d-f3b20c46902c,106,18
38c552f5-a569-446f-97e1-2f72c06eb0ad,8,1c731a65-a71b-4052-9be3-552feaecf864,89f12d8b-7104-4e1a-b8ec-71e3760a4ca3,621,119
38c552f5-a569-446f-97e1-2f72c06eb0ad,9,204983f1-0666-4382-88ce-83a85fc12ab9,f76699d8-bd84-4596-a9f5-5a6f99a5d38f,318,64
38c552f5-a569-446f-97e1-2f72c06eb0ad,10,2151f338-bd01-4ffb-bcdf-6c30b54253f7,24ee2509-1874-44df-bca2-2798c007c41f,313,51
38c552f5-a569-446f-97e1-2f72c06eb0ad,11,24ee2509-1874-44df-bca2-2798c007c41f,c9e4e5b1-ae1e-49f6-9d19-550ba159ade3,83,20
38c552f5-a569-446f-97e1-2f72c06eb0ad,12,24f23c66-2898-4798-9ced-e65a7989a1f3,dfd943f9-c612-429b-a24b-ee8aad95adc4,80,14
38c552f5-a569-446f-97e1-2f72c06eb0ad,13,2987ba0b-ae93-47b5-854d-37adf49426e3,eb44021a-5557-4142-bdcd-cc946d1e0203,164,31
38c552f5-a569-446f-97e1-2f72c06eb0ad,14,2a014451-b974-40e7-b402-f28d592e6856,1bb56af3-d313-47bb-b7a9-f87352aad921,113,18
38c552f5-a569-446f-97e1-2f72c06eb0ad,15,2a3b3f7b-d9c2-42a7-822f-c75aff6e32e8,2a3b3f7b-d9c2-42a7-822f-c75aff6e32e8,0,0
38c552f5-a569-446f-97e1-2f72c06eb0ad,16,2a3b3f7b-d9c2-42a7-822f-c75aff6e32e8,633c9b8b-8c43-4e90-bd4f-247759d529a1,105,20
38c552f5-a569-446f-97e1-2f72c06eb0ad,17,33a77522-7667-434b-9158-8b4eecd278ac,c386c1e3-4a19-479b-9b18-e681d5700249,82,20
38c552f5-a569-446f-97e1-2f72c06eb0ad,18,37f01e68-57ab-4386-b38a-811e9f6b9a29,c3f86f14-5a3d-438d-91c7-d094c3b87ca6,230,54
38c552f5-a569-446f-97e1-2f72c06eb0ad,19,4067ac22-498f-4c3a-9db2-8fa85a9649b1,717c42f1-f1b9-4cf0-9d6c-6a94dbb5a57c,83,14
38c552f5-a569-446f-97e1-2f72c06eb0ad,20,406ae045-9945-42c7-bef5-e4d7bf3b02cd,d6c9fb5c-39a5-4f28-b961-6189a3cafbf0,106,21
38c552f5-a569-446f-97e1-2f72c06eb0ad,21,408b175d-4d19-4052-a585-75537a412b26,651d8b4a-ce4a-4e17-ad34-e313ef377cd8,81,15
38c552f5-a569-446f-97e1-2f72c06eb0ad,22,45a3bdc9-a75a-4c0b-9ab1-92407dc46136,64aa846f-36fb-446d-99c4-cd33e19583de,100,14
38c552f5-a569-446f-97e1-2f72c06eb0ad,23,4cfa4ecc-863c-4861-8ca5-5cc55c0d011a,204983f1-0666-4382-88ce-83a85fc12ab9,598,99
38c552f5-a569-446f-97e1-2f72c06eb0ad,24,4d0eb3d9-e89b-43b6-b59c-4f40d0c1fd39,8f396913-c2b9-4c6a-9a6c-bdd47e66ddab,198,47
38c552f5-a569-446f-97e1-2f72c06eb0ad,25,56b25005-4082-4352-8476-7bee2d0942bb,e750a425-d4bf-4e85-964f-0500379dd020,35,13
38c552f5-a569-446f-97e1-2f72c06eb0ad,26,584b3918-24cf-4a9a-bc68-201e51836b77,2a014451-b974-40e7-b402-f28d592e6856,104,18
38c552f5-a569-446f-97e1-2f72c06eb0ad,27,5965691a-b592-4e49-8cb7-cf997fa8b164,b953e313-52af-41ea-97cc-4f6b3f37614b,260,27
38c552f5-a569-446f-97e1-2f72c06eb0ad,28,5a8fb338-4611-4e88-9e90-811e3b025f0b,f3417d6c-cbc7-4324-ab7f-9781ba28777f,252,38
38c552f5-a569-446f-97e1-2f72c06eb0ad,29,5e91626f-13ea-4af1-a4de-f3e56109a7e0,a1e0a969-63dd-407e-b114-68aa4eaffaeb,173,19
38c552f5-a569-446f-97e1-2f72c06eb0ad,30,5f0d5837-0646-4ca2-be83-1bf5b010ba8a,e63b13e4-ab7f-4d83-bab7-1414c0f600c1,139,21
38c552f5-a569-446f-97e1-2f72c06eb0ad,31,5f3c1dc0-64e2-491c-af6f-4ccd49ef122c,2987ba0b-ae93-47b5-854d-37adf49426e3,228,71
38c552f5-a569-446f-97e1-2f72c06eb0ad,32,6062cf33-c83d-4bbd-8045-02e09a6d7852,584b3918-24cf-4a9a-bc68-201e51836b77,120,20
38c552f5-a569-446f-97e1-2f72c06eb0ad,33,61562840-03d4-44be-bbb5-b60b856c60b7,2151f338-bd01-4ffb-bcdf-6c30b54253f7,83,20
38c552f5-a569-446f-97e1-2f72c06eb0ad,34,615f6abf-a1d4-4679-a8dc-140f707e84b5,4d0eb3d9-e89b-43b6-b59c-4f40d0c1fd39,83,16
38c552f5-a569-446f-97e1-2f72c06eb0ad,35,616c7acc-b897-49f1-92a1-902ec7bcca09,4067ac22-498f-4c3a-9db2-8fa85a9649b1,78,12
38c552f5-a569-446f-97e1-2f72c06eb0ad,36,633c9b8b-8c43-4e90-bd4f-247759d529a1,fa4ef6ba-a3a9-4a34-9bc3-e37d5a456dd7,151,28
38c552f5-a569-446f-97e1-2f72c06eb0ad,37,64aa846f-36fb-446d-99c4-cd33e19583de,076c69a1-d116-4350-991f-e18676b95b43,176,26
38c552f5-a569-446f-97e1-2f72c06eb0ad,38,651d8b4a-ce4a-4e17-ad34-e313ef377cd8,b848d072-301e-41bc-a8f0-ddc3980f2c75,77,16
38c552f5-a569-446f-97e1-2f72c06eb0ad,39,68a9aef8-ca58-492e-af12-da53fbbe925f,615f6abf-a1d4-4679-a8dc-140f707e84b5,106,18
38c552f5-a569-446f-97e1-2f72c06eb0ad,40,6966f727-160d-4aa4-99f9-29fc85cab9f7,61562840-03d4-44be-bbb5-b60b856c60b7,105,47
38c552f5-a569-446f-97e1-2f72c06eb0ad,41,6b1cbd4b-92cc-4f29-a819-f3fd3c27fc56,965db0a6-d40c-4230-a72d-06dc75a5880d,97,13
38c552f5-a569-446f-97e1-2f72c06eb0ad,42,70b9789d-11fb-47c2-a97f-ddb23176ed94,5a8fb338-4611-4e88-9e90-811e3b025f0b,91,13
38c552f5-a569-446f-97e1-2f72c06eb0ad,43,714d4e07-3405-4bfb-9859-ad42fef8261c,bb5d263e-7a24-4ed3-9396-42e55ab42b4c,106,18
38c552f5-a569-446f-97e1-2f72c06eb0ad,44,717c42f1-f1b9-4cf0-9d6c-6a94dbb5a57c,9e2b9fea-dbb6-48ff-bce6-bc85b0488825,106,19
38c552f5-a569-446f-97e1-2f72c06eb0ad,45,774b4ab9-f53c-4f89-a4e3-a54d2b441687,b4408b9c-cad1-4f84-b91e-dcc1a24f76fc,449,116
38c552f5-a569-446f-97e1-2f72c06eb0ad,46,7be7f756-78dd-431d-bb2f-dcec5ee48aef,bf0ba4e4-315f-4033-9836-d9e0ef77c565,123,32
38c552f5-a569-446f-97e1-2f72c06eb0ad,47,84e3df51-1618-4430-9723-e7a58b9532bf,da8b446b-4f2f-4789-913a-f8121c569fd1,265,28
38c552f5-a569-446f-97e1-2f72c06eb0ad,48,89f12d8b-7104-4e1a-b8ec-71e3760a4ca3,ebe14573-0b0f-4723-9858-66729ec1103e,137,31
38c552f5-a569-446f-97e1-2f72c06eb0ad,49,8b5f9775-50f8-4ca4-94ac-39c079aa12c2,ddbb7611-f8a1-4a4a-b2fb-0b1490196782,114,17
38c552f5-a569-446f-97e1-2f72c06eb0ad,50,8f396913-c2b9-4c6a-9a6c-bdd47e66ddab,406ae045-9945-42c7-bef5-e4d7bf3b02cd,83,16
38c552f5-a569-446f-97e1-2f72c06eb0ad,51,95efb6fa-2f15-4de8-8f80-bc63a72bb8b6,e2b67306-d5ff-486c-96a0-04d943fcd5d7,263,41
38c552f5-a569-446f-97e1-2f72c06eb0ad,52,965db0a6-d40c-4230-a72d-06dc75a5880d,17b59b43-c876-4d9c-b1ef-1e14cafee8eb,137,25
38c552f5-a569-446f-97e1-2f72c06eb0ad,53,9e2b9fea-dbb6-48ff-bce6-bc85b0488825,dde678f9-834f-43dc-b244-7eda433e6fa7,82,16
38c552f5-a569-446f-97e1-2f72c06eb0ad,54,a01ee824-2209-4927-8252-532d8c50b9f1,4977f8f4-05c2-4721-90f0-cde4ad5a55da,74,18
38c552f5-a569-446f-97e1-2f72c06eb0ad,55,a1e0a969-63dd-407e-b114-68aa4eaffaeb,5f0d5837-0646-4ca2-be83-1bf5b010ba8a,153,17
38c552f5-a569-446f-97e1-2f72c06eb0ad,56,a2dbee05-84fd-4951-9c67-115928124323,24f23c66-2898-4798-9ced-e65a7989a1f3,96,19
38c552f5-a569-446f-97e1-2f72c06eb0ad,57,a4301eb5-e3c8-47e1-9aff-4d658bb53f4b,2a3b3f7b-d9c2-42a7-822f-c75aff6e32e8,83,14
38c552f5-a569-446f-97e1-2f72c06eb0ad,58,ad70a020-71d8-47a3-bfc5-be7d0ae182ef,a2dbee05-84fd-4951-9c67-115928124323,335,56
38c552f5-a569-446f-97e1-2f72c06eb0ad,59,ae47324c-a960-4ec4-9a3b-e74bf11d01ae,6062cf33-c83d-4bbd-8045-02e09a6d7852,259,36
38c552f5-a569-446f-97e1-2f72c06eb0ad,60,aed7f1c0-bcfd-4684-9da2-fc70b7ebafa6,a01ee824-2209-4927-8252-532d8c50b9f1,168,30
38c552f5-a569-446f-97e1-2f72c06eb0ad,61,aeee3fd0-ca69-4067-8e30-3ec4c8f24b20,fb790c68-d277-4fcc-bcc4-4eaf853303af,99,28
38c552f5-a569-446f-97e1-2f72c06eb0ad,62,b4004f8c-a56b-4f1f-8f69-2d72c39a9fcf,4cfa4ecc-863c-4861-8ca5-5cc55c0d011a,289,67
38c552f5-a569-446f-97e1-2f72c06eb0ad,63,b4408b9c-cad1-4f84-b91e-dcc1a24f76fc,0617602e-abc9-4063-ab36-43afd002494f,168,45
38c552f5-a569-446f-97e1-2f72c06eb0ad,64,b848d072-301e-41bc-a8f0-ddc3980f2c75,33a77522-7667-434b-9158-8b4eecd278ac,87,18
38c552f5-a569-446f-97e1-2f72c06eb0ad,65,b953e313-52af-41ea-97cc-4f6b3f37614b,84e3df51-1618-4430-9723-e7a58b9532bf,152,17
38c552f5-a569-446f-97e1-2f72c06eb0ad,66,bb5d263e-7a24-4ed3-9396-42e55ab42b4c,8b5f9775-50f8-4ca4-94ac-39c079aa12c2,112,16
38c552f5-a569-446f-97e1-2f72c06eb0ad,67,bf0ba4e4-315f-4033-9836-d9e0ef77c565,fe91e07a-ad9b-4917-a0ea-fc1e7b5628b1,426,74
38c552f5-a569-446f-97e1-2f72c06eb0ad,68,c386c1e3-4a19-479b-9b18-e681d5700249,aeee3fd0-ca69-4067-8e30-3ec4c8f24b20,171,29
38c552f5-a569-446f-97e1-2f72c06eb0ad,69,c3f86f14-5a3d-438d-91c7-d094c3b87ca6,aed7f1c0-bcfd-4684-9da2-fc70b7ebafa6,99,23
38c552f5-a569-446f-97e1-2f72c06eb0ad,70,c938f7c8-5312-4d53-a949-93de07d75878,774b4ab9-f53c-4f89-a4e3-a54d2b441687,269,82
38c552f5-a569-446f-97e1-2f72c06eb0ad,71,c9e4e5b1-ae1e-49f6-9d19-550ba159ade3,cacd5cff-fe01-43a2-978a-3ebf0a11dcb1,105,35
38c552f5-a569-446f-97e1-2f72c06eb0ad,72,cacd5cff-fe01-43a2-978a-3ebf0a11dcb1,7be7f756-78dd-431d-bb2f-dcec5ee48aef,158,63
38c552f5-a569-446f-97e1-2f72c06eb0ad,73,cb25a284-1841-4a23-aa00-4b0dc289d031,0d3aeb36-944b-4d9a-a820-8587dbf6c6d1,150,38
38c552f5-a569-446f-97e1-2f72c06eb0ad,74,d6c9fb5c-39a5-4f28-b961-6189a3cafbf0,408b175d-4d19-4052-a585-75537a412b26,84,16
38c552f5-a569-446f-97e1-2f72c06eb0ad,75,da8b446b-4f2f-4789-913a-f8121c569fd1,11c1d4dd-7b51-4d61-b6b2-d591ff6ee592,197,27
38c552f5-a569-446f-97e1-2f72c06eb0ad,76,daf0c765-5d0c-4173-b6f0-adaa83e8f64b,616c7acc-b897-49f1-92a1-902ec7bcca09,273,57
38c552f5-a569-446f-97e1-2f72c06eb0ad,77,db107577-8f83-412d-a887-cdd78ff498c1,70b9789d-11fb-47c2-a97f-ddb23176ed94,190,29
38c552f5-a569-446f-97e1-2f72c06eb0ad,78,ddbb7611-f8a1-4a4a-b2fb-0b1490196782,ae47324c-a960-4ec4-9a3b-e74bf11d01ae,120,19
38c552f5-a569-446f-97e1-2f72c06eb0ad,79,dde678f9-834f-43dc-b244-7eda433e6fa7,db107577-8f83-412d-a887-cdd78ff498c1,172,27
38c552f5-a569-446f-97e1-2f72c06eb0ad,80,dfd943f9-c612-429b-a24b-ee8aad95adc4,714d4e07-3405-4bfb-9859-ad42fef8261c,84,14
38c552f5-a569-446f-97e1-2f72c06eb0ad,81,e0863f21-315c-4ead-99de-e3f3a0c6f1cc,ad70a020-71d8-47a3-bfc5-be7d0ae182ef,281,74
38c552f5-a569-446f-97e1-2f72c06eb0ad,82,e2b67306-d5ff-486c-96a0-04d943fcd5d7,c938f7c8-5312-4d53-a949-93de07d75878,122,32
38c552f5-a569-446f-97e1-2f72c06eb0ad,83,e63b13e4-ab7f-4d83-bab7-1414c0f600c1,45a3bdc9-a75a-4c0b-9ab1-92407dc46136,107,21
38c552f5-a569-446f-97e1-2f72c06eb0ad,84,e750a425-d4bf-4e85-964f-0500379dd020,5f3c1dc0-64e2-491c-af6f-4ccd49ef122c,51,19
38c552f5-a569-446f-97e1-2f72c06eb0ad,85,e9845f35-0bcf-46c1-bec2-c04df194dede,1c731a65-a71b-4052-9be3-552feaecf864,239,53
38c552f5-a569-446f-97e1-2f72c06eb0ad,86,ea8d68f1-43fe-4539-9b7b-91a5e173abe3,b4004f8c-a56b-4f1f-8f69-2d72c39a9fcf,440,102
38c552f5-a569-446f-97e1-2f72c06eb0ad,87,eb44021a-5557-4142-bdcd-cc946d1e0203,cb25a284-1841-4a23-aa00-4b0dc289d031,102,20
38c552f5-a569-446f-97e1-2f72c06eb0ad,88,ebe14573-0b0f-4723-9858-66729ec1103e,675b73cb-d41d-4404-937e-689d0fa94275,82,16
38c552f5-a569-446f-97e1-2f72c06eb0ad,89,f03a34af-74e1-41cb-ae5d-f3b20c46902c,1b4fb600-4d93-4b68-9b0f-584c37e42038,225,60
38c552f5-a569-446f-97e1-2f72c06eb0ad,90,f3417d6c-cbc7-4324-ab7f-9781ba28777f,e9845f35-0bcf-46c1-bec2-c04df194dede,155,43
38c552f5-a569-446f-97e1-2f72c06eb0ad,91,f7266b0c-8075-4622-a26c-86f58382a258,6b1cbd4b-92cc-4f29-a819-f3fd3c27fc56,49,6
38c552f5-a569-446f-97e1-2f72c06eb0ad,92,f76699d8-bd84-4596-a9f5-5a6f99a5d38f,5965691a-b592-4e49-8cb7-cf997fa8b164,1818,339
38c552f5-a569-446f-97e1-2f72c06eb0ad,93,fa4ef6ba-a3a9-4a34-9bc3-e37d5a456dd7,95efb6fa-2f15-4de8-8f80-bc63a72bb8b6,103,19
38c552f5-a569-446f-97e1-2f72c06eb0ad,94,fb790c68-d277-4fcc-bcc4-4eaf853303af,daf0c765-5d0c-4173-b6f0-adaa83e8f64b,145,30
38c552f5-a569-446f-97e1-2f72c06eb0ad,95,fe91e07a-ad9b-4917-a0ea-fc1e7b5628b1,06117e02-1b1f-4ef4-beae-2567c2db25cd,82,12
7f7f4951-fd17-49f4-a129-1551b04f063e,0,06117e02-1b1f-4ef4-beae-2567c2db25cd,fe91e07a-ad9b-4917-a0ea-fc1e7b5628b1,82,12
7f7f4951-fd17-49f4-a129-1551b04f063e,1,076c69a1-d116-4350-991f-e18676b95b43,64aa846f-36fb-446d-99c4-cd33e19583de,176,26
7f7f4951-fd17-49f4-a129-1551b04f063e,2,08957079-1732-45a7-aaa7-38aea95df00b,a6c0d3c7-b849-42ab-88de-7cd959b4c36f,289,57
7f7f4951-fd17-49f4-a129-1551b04f063e,3,08a08e83-6a7d-4b3a-9a90-7c3edc0297bf,77e27ff5-7238-4409-b421-5202338a51e3,128,27
7f7f4951-fd17-49f4-a129-1551b04f063e,4,0900afc3-0cc6-45e2-a877-cbe3fa10d1ea,4c93e337-57ad-44de-aa9c-d82b306298d4,336,75
7f7f4951-fd17-49f4-a129-1551b04f063e,5,0d3aeb36-944b-4d9a-a820-8587dbf6c6d1,6966f727-160d-4aa4-99f9-29fc85cab9f7,162,49
7f7f4951-fd17-49f4-a129-1551b04f063e,6,11c1d4dd-7b51-4d61-b6b2-d591ff6ee592,da8b446b-4f2f-4789-913a-f8121c569fd1,197,35
7f7f4951-fd17-49f4-a129-1551b04f063e,7,12427404-d39b-459a-9aeb-28d71defeb3f,864782ac-3040-4d52-90f0-60c6d09dd6d6,58,15
7f7f4951-fd17-49f4-a129-1551b04f063e,8,13d4543c-5da3-434d-9998-17ec31fe4917,b3cc9f8d-f056-4d44-9f67-04fbe53a93c0,766,149
7f7f4951-fd17-49f4-a129-1551b04f063e,9,17b59b43-c876-4d9c-b1ef-1e14cafee8eb,965db0a6-d40c-4230-a72d-06dc75a5880d,135,26
7f7f4951-fd17-49f4-a129-1551b04f063e,10,1b4fb600-4d93-4b68-9b0f-584c37e42038,c386c1e3-4a19-479b-9b18-e681d5700249,651,164
7f7f4951-fd17-49f4-a129-1551b04f063e,11,1bb56af3-d313-47bb-b7a9-f87352aad921,2a014451-b974-40e7-b402-f28d592e6856,113,19
7f7f4951-fd17-49f4-a129-1551b04f063e,12,1fbaeaa6-7440-4604-9596-adb22b759f1d,fedb125d-dd1b-47c3-9d4e-6791954ffc17,106,16
7f7f4951-fd17-49f4-a129-1551b04f063e,13,204983f1-0666-4382-88ce-83a85fc12ab9,f76699d8-bd84-4596-a9f5-5a6f99a5d38f,318,64
7f7f4951-fd17-49f4-a129-1551b04f063e,14,205ff099-d29b-4544-a952-8ca5e86a2d28,db107577-8f83-412d-a887-cdd78ff498c1,89,14
7f7f4951-fd17-49f4-a129-1551b04f063e,15,2151f338-bd01-4ffb-bcdf-6c30b54253f7,4d0eb3d9-e89b-43b6-b59c-4f40d0c1fd39,117,31
7f7f4951-fd17-49f4-a129-1551b04f063e,16,24ee2509-1874-44df-bca2-2798c007c41f,c9e4e5b1-ae1e-49f6-9d19-550ba159ade3,83,20
7f7f4951-fd17-49f4-a129-1551b04f063e,17,24f23c66-2898-4798-9ced-e65a7989a1f3,a2dbee05-84fd-4951-9c67-115928124323,96,21
7f7f4951-fd17-49f4-a129-1551b04f063e,18,27d0f80d-acbf-4c23-8520-9e47bbb47ba5,81e327dd-2003-489b-a093-9ba054bcefc7,260,71
7f7f4951-fd17-49f4-a129-1551b04f063e,19,286f86e6-53d0-42f3-9a90-d3099caf40a8,fc2bb910-df5c-49ca-9318-badd29a27ab2,284,43
7f7f4951-fd17-49f4-a129-1551b04f063e,20,2a014451-b974-40e7-b402-f28d592e6856,584b3918-24cf-4a9a-bc68-201e51836b77,104,17
7f7f4951-fd17-49f4-a129-1551b04f063e,21,2a3b3f7b-d9c2-42a7-822f-c75aff6e32e8,a4301eb5-e3c8-47e1-9aff-4d658bb53f4b,83,14
7f7f4951-fd17-49f4-a129-1551b04f063e,22,2bf40ef9-5f2b-41ab-af6b-309da5115277,f58ed677-1e43-40c5-9254-de9be21db1ff,290,50
7f7f4951-fd17-49f4-a129-1551b04f063e,23,311fdadc-d1b5-4e22-9521-7c109729feee,08a08e83-6a7d-4b3a-9a90-7c3edc0297bf,105,28
7f7f4951-fd17-49f4-a129-1551b04f063e,24,31a9f6b8-4f67-4b2e-b419-31e8ba186cc1,311fdadc-d1b5-4e22-9521-7c109729feee,256,89
7f7f4951-fd17-49f4-a129-1551b04f063e,25,3286646f-1726-45d8-b99c-775a594316c9,c38fad4b-0470-4e65-96f9-7082ea752f45,848,185
7f7f4951-fd17-49f4-a129-1551b04f063e,26,33a77522-7667-434b-9158-8b4eecd278ac,b848d072-301e-41bc-a8f0-ddc3980f2c75,87,21
7f7f4951-fd17-49f4-a129-1551b04f063e,27,37f01e68-57ab-4386-b38a-811e9f6b9a29,17b59b43-c876-4d9c-b1ef-1e14cafee8eb,176,47
7f7f4951-fd17-49f4-a129-1551b04f063e,28,3e2dea37-a94b-465e-901b-cb2c6d55cd47,94f79b06-80f6-425b-84bc-379fcfd8adf1,1725,375
7f7f4951-fd17-49f4-a129-1551b04f063e,29,3fb4fad2-be17-4236-b4d6-c78d307d4d37,31a9f6b8-4f67-4b2e-b419-31e8ba186cc1,90,22
7f7f4951-fd17-49f4-a129-1551b04f063e,30,4067ac22-498f-4c3a-9db2-8fa85a9649b1,616c7acc-b897-49f1-92a1-902ec7bcca09,78,12
7f7f4951-fd17-49f4-a129-1551b04f063e,31,406ae045-9945-42c7-bef5-e4d7bf3b02cd,8f396913-c2b9-4c6a-9a6c-bdd47e66ddab,83,18
7f7f4951-fd17-49f4-a129-1551b04f063e,32,408b175d-4d19-4052-a585-75537a412b26,d6c9fb5c-39a5-4f28-b961-6189a3cafbf0,84,16
7f7f4951-fd17-49f4-a129-1551b04f063e,33,45a3bdc9-a75a-4c0b-9ab1-92407dc46136,f32c4dc4-4df2-457f-9b7a-240aa8a48667,100,21
7f7f4951-fd17-49f4-a129-1551b04f063e,34,4977f8f4-05c2-4721-90f0-cde4ad5a55da,a01ee824-2209-4927-8252-532d8c50b9f1,74,18
7f7f4951-fd17-49f4-a129-1551b04f063e,35,49c6247e-131e-4c0b-968e-665e5f320ba3,076c69a1-d116-4350-991f-e18676b95b43,100,17
7f7f4951-fd17-49f4-a129-1551b04f063e,36,4c93e337-57ad-44de-aa9c-d82b306298d4,27d0f80d-acbf-4c23-8520-9e47bbb47ba5,129,30
7f7f4951-fd17-49f4-a129-1551b04f063e,37,4c9f74cc-28fa-4ce7-90f2-52f9f8a61f73,fc6bd711-6915-4b6c-b10c-23a47715e405,100,18
7f7f4951-fd17-49f4-a129-1551b04f063e,38,4cfa4ecc-863c-4861-8ca5-5cc55c0d011a,204983f1-0666-4382-88ce-83a85fc12ab9,598,99
7f7f4951-fd17-49f4-a129-1551b04f063e,39,4d0eb3d9-e89b-43b6-b59c-4f40d0c1fd39,615f6abf-a1d4-4679-a8dc-140f707e84b5,83,15
7f7f4951-fd17-49f4-a129-1551b04f063e,40,520001ce-ea9d-4563-a7fe-21f6554ea801,57088fa9-f782-4856-93c3-78b5360aa3d0,86,15
7f7f4951-fd17-49f4-a129-1551b04f063e,41,56b25005-4082-4352-8476-7bee2d0942bb,b4408b9c-cad1-4f84-b91e-dcc1a24f76fc,229,52
7f7f4951-fd17-49f4-a129-1551b04f063e,42,57088fa9-f782-4856-93c3-78b5360aa3d0,4c9f74cc-28fa-4ce7-90f2-52f9f8a61f73,163,28
7f7f4951-fd17-49f4-a129-1551b04f063e,43,584b3918-24cf-4a9a-bc68-201e51836b77,6062cf33-c83d-4bbd-8045-02e09a6d7852,120,20
7f7f4951-fd17-49f4-a129-1551b04f063e,44,5955a614-963a-4012-b153-baef13032279,dd3016be-ebf8-4a54-8851-babe2018ee10,160,30
7f7f4951-fd17-49f4-a129-1551b04f063e,45,5a8fb338-4611-4e88-9e90-811e3b025f0b,70b9789d-11fb-47c2-a97f-ddb23176ed94,91,14
7f7f4951-fd17-49f4-a129-1551b04f063e,46,5e91626f-13ea-4af1-a4de-f3e56109a7e0,11c1d4dd-7b51-4d61-b6b2-d591ff6ee592,164,19
7f7f4951-fd17-49f4-a129-1551b04f063e,47,5f0d5837-0646-4ca2-be83-1bf5b010ba8a,a1e0a969-63dd-407e-b114-68aa4eaffaeb,153,20
7f7f4951-fd17-49f4-a129-1551b04f063e,48,6062cf33-c83d-4bbd-8045-02e09a6d7852,ae47324c-a960-4ec4-9a3b-e74bf11d01ae,258,40
7f7f4951-fd17-49f4-a129-1551b04f063e,49,61562840-03d4-44be-bbb5-b60b856c60b7,2151f338-bd01-4ffb-bcdf-6c30b54253f7,83,20
7f7f4951-fd17-49f4-a129-1551b04f063e,50,615f6abf-a1d4-4679-a8dc-140f707e84b5,68a9aef8-ca58-492e-af12-da53fbbe925f,106,18
7f7f4951-fd17-49f4-a129-1551b04f063e,51,616c7acc-b897-49f1-92a1-902ec7bcca09,fb790c68-d277-4fcc-bcc4-4eaf853303af,195,35
7f7f4951-fd17-49f4-a129-1551b04f063e,52,633c9b8b-8c43-4e90-bd4f-247759d529a1,2a3b3f7b-d9c2-42a7-822f-c75aff6e32e8,105,16
7f7f4951-fd17-49f4-a129-1551b04f063e,53,64aa846f-36fb-446d-99c4-cd33e19583de,45a3bdc9-a75a-4c0b-9ab1-92407dc46136,100,15
7f7f4951-fd17-49f4-a129-1551b04f063e,54,651d8b4a-ce4a-4e17-ad34-e313ef377cd8,408b175d-4d19-4052-a585-75537a412b26,81,16
7f7f4951-fd17-49f4-a129-1551b04f063e,55,675b73cb-d41d-4404-937e-689d0fa94275,ebe14573-0b0f-4723-9858-66729ec1103e,82,14
7f7f4951-fd17-49f4-a129-1551b04f063e,56,68a9aef8-ca58-492e-af12-da53fbbe925f,06117e02-1b1f-4ef4-beae-2567c2db25cd,82,13
7f7f4951-fd17-49f4-a129-1551b04f063e,57,6966f727-160d-4aa4-99f9-29fc85cab9f7,61562840-03d4-44be-bbb5-b60b856c60b7,105,47
7f7f4951-fd17-49f4-a129-1551b04f063e,58,6b1cbd4b-92cc-4f29-a819-f3fd3c27fc56,49c6247e-131e-4c0b-968e-665e5f320ba3,42,5
7f7f4951-fd17-49f4-a129-1551b04f063e,59,6c31d532-8501-457d-a83e-743f61633e96,3e2dea37-a94b-465e-901b-cb2c6d55cd47,715,150
7f7f4951-fd17-49f4-a129-1551b04f063e,60,70b9789d-11fb-47c2-a97f-ddb23176ed94,205ff099-d29b-4544-a952-8ca5e86a2d28,102,16
7f7f4951-fd17-49f4-a129-1551b04f063e,61,70e6d096-e850-4f43-81cd-ac30b01a688f,f93b37b8-afb4-4cea-8e48-8d0179e6735f,83,14
7f7f4951-fd17-49f4-a129-1551b04f063e,62,714d4e07-3405-4bfb-9859-ad42fef8261c,dfd943f9-c612-429b-a24b-ee8aad95adc4,84,15
7f7f4951-fd17-49f4-a129-1551b04f063e,63,717c42f1-f1b9-4cf0-9d6c-6a94dbb5a57c,4067ac22-498f-4c3a-9db2-8fa85a9649b1,83,13
7f7f4951-fd17-49f4-a129-1551b04f063e,64,7522808f-0db4-4475-a235-949382763cf9,1fbaeaa6-7440-4604-9596-adb22b759f1d,278,52
7f7f4951-fd17-49f4-a129-1551b04f063e,65,774b4ab9-f53c-4f89-a4e3-a54d2b441687,c938f7c8-5312-4d53-a949-93de07d75878,269,75
7f7f4951-fd17-49f4-a129-1551b04f063e,66,77e27ff5-7238-4409-b421-5202338a51e3,286f86e6-53d0-42f3-9a90-d3099caf40a8,129,27
7f7f4951-fd17-49f4-a129-1551b04f063e,67,7be7f756-78dd-431d-bb2f-dcec5ee48aef,bf0ba4e4-315f-4033-9836-d9e0ef77c565,123,32
7f7f4951-fd17-49f4-a129-1551b04f063e,68,7c53c027-f1bd-4b3b-a30c-ab80b54c41ae,daa204dc-ccb9-4b2c-ac63-530c5b449501,182,26
7f7f4951-fd17-49f4-a129-1551b04f063e,69,81e327dd-2003-489b-a093-9ba054bcefc7,af7a08c2-4715-4109-98ff-32e328be2ddb,120,18
7f7f4951-fd17-49f4-a129-1551b04f063e,70,84e3df51-1618-4430-9723-e7a58b9532bf,b953e313-52af-41ea-97cc-4f6b3f37614b,152,22
7f7f4951-fd17-49f4-a129-1551b04f063e,71,864782ac-3040-4d52-90f0-60c6d09dd6d6,13d4543c-5da3-434d-9998-17ec31fe4917,71,17
7f7f4951-fd17-49f4-a129-1551b04f063e,72,86a264c6-de27-485e-9f4f-371c581f75a8,eb5974c2-3d4b-4035-b586-286c9531884c,174,28
7f7f4951-fd17-49f4-a129-1551b04f063e,73,89f12d8b-7104-4e1a-b8ec-71e3760a4ca3,e9845f35-0bcf-46c1-bec2-c04df194dede,227,47
7f7f4951-fd17-49f4-a129-1551b04f063e,74,8b5f9775-50f8-4ca4-94ac-39c079aa12c2,bb5d263e-7a24-4ed3-9396-42e55ab42b4c,112,19
7f7f4951-fd17-49f4-a129-1551b04f063e,75,8f396913-c2b9-4c6a-9a6c-bdd47e66ddab,dde678f9-834f-43dc-b244-7eda433e6fa7,163,24
7f7f4951-fd17-49f4-a129-1551b04f063e,76,94f79b06-80f6-425b-84bc-379fcfd8adf1,c4f7f203-a459-4c2d-afea-1964b213e90a,1182,236
7f7f4951-fd17-49f4-a129-1551b04f063e,77,95efb6fa-2f15-4de8-8f80-bc63a72bb8b6,fa4ef6ba-a3a9-4a34-9bc3-e37d5a456dd7,103,18
7f7f4951-fd17-49f4-a129-1551b04f063e,78,965db0a6-d40c-4230-a72d-06dc75a5880d,6b1cbd4b-92cc-4f29-a819-f3fd3c27fc56,97,14
7f7f4951-fd17-49f4-a129-1551b04f063e,79,992b45e3-db36-4f1e-8545-20fe66ad63e5,70e6d096-e850-4f43-81cd-ac30b01a688f,280,68
7f7f4951-fd17-49f4-a129-1551b04f063e,80,99a7827a-f440-4eab-9088-c98d04063d1f,cdfdf7e0-5155-4fb3-996b-8920be1c3408,606,100
7f7f4951-fd17-49f4-a129-1551b04f063e,81,9a5417e5-a989-4571-a762-6ecc56893f0b,c3c9b2ea-4922-4687-a6a6-9639ea8dab41,81,17
7f7f4951-fd17-49f4-a129-1551b04f063e,82,9e2b9fea-dbb6-48ff-bce6-bc85b0488825,717c42f1-f1b9-4cf0-9d6c-6a94dbb5a57c,106,18
7f7f4951-fd17-49f4-a129-1551b04f063e,83,a014c435-ac4a-4557-923b-601b3f5913d8,08957079-1732-45a7-aaa7-38aea95df00b,284,70
7f7f4951-fd17-49f4-a129-1551b04f063e,84,a01ee824-2209-4927-8252-532d8c50b9f1,aed7f1c0-bcfd-4684-9da2-fc70b7ebafa6,168,31
7f7f4951-fd17-49f4-a129-1551b04f063e,85,a040e9b5-a0f8-4f39-be63-878630f9d930,faec26de-03cb-4762-9fcd-e6eac78ff475,83,14
7f7f4951-fd17-49f4-a129-1551b04f063e,86,a1e0a969-63dd-407e-b114-68aa4eaffaeb,5e91626f-13ea-4af1-a4de-f3e56109a7e0,173,21
7f7f4951-fd17-49f4-a129-1551b04f063e,87,a2dbee05-84fd-4951-9c67-115928124323,ad70a020-71d8-47a3-bfc5-be7d0ae182ef,335,57
7f7f4951-fd17-49f4-a129-1551b04f063e,88,a4301eb5-e3c8-47e1-9aff-4d658bb53f4b,24ee2509-1874-44df-bca2-2798c007c41f,152,36
7f7f4951-fd17-49f4-a129-1551b04f063e,89,a6c0d3c7-b849-42ab-88de-7cd959b4c36f,6c31d532-8501-457d-a83e-743f61633e96,196,58
7f7f4951-fd17-49f4-a129-1551b04f063e,90,a8530194-f0f3-44cf-8d99-8c451d8b759e,12427404-d39b-459a-9aeb-28d71defeb3f,82,27
7f7f4951-fd17-49f4-a129-1551b04f063e,91,ad70a020-71d8-47a3-bfc5-be7d0ae182ef,e0863f21-315c-4ead-99de-e3f3a0c6f1cc,268,64
7f7f4951-fd17-49f4-a129-1551b04f063e,92,ae47324c-a960-4ec4-9a3b-e74bf11d01ae,ddbb7611-f8a1-4a4a-b2fb-0b1490196782,120,19
7f7f4951-fd17-49f4-a129-1551b04f063e,93,aed7f1c0-bcfd-4684-9da2-fc70b7ebafa6,c3f86f14-5a3d-438d-91c7-d094c3b87ca6,99,23
7f7f4951-fd17-49f4-a129-1551b04f063e,94,aeee3fd0-ca69-4067-8e30-3ec4c8f24b20,daf0c765-5d0c-4173-b6f0-adaa83e8f64b,244,65
7f7f4951-fd17-49f4-a129-1551b04f063e,95,af7a08c2-4715-4109-98ff-32e328be2ddb,ce3ffc70-5751-4340-872f-8bcda1c20657,546,78
7f7f4951-fd17-49f4-a129-1551b04f063e,96,b1c1014a-a5b4-458a-a36d-0c57f7875ac4,a040e9b5-a0f8-4f39-be63-878630f9d930,132,21
7f7f4951-fd17-49f4-a129-1551b04f063e,97,b3cc9f8d-f056-4d44-9f67-04fbe53a93c0,a014c435-ac4a-4557-923b-601b3f5913d8,106,23
7f7f4951-fd17-49f4-a129-1551b04f063e,98,b4004f8c-a56b-4f1f-8f69-2d72c39a9fcf,4cfa4ecc-863c-4861-8ca5-5cc55c0d011a,289,67
7f7f4951-fd17-49f4-a129-1551b04f063e,99,b4408b9c-cad1-4f84-b91e-dcc1a24f76fc,1b4fb600-4d93-4b68-9b0f-584c37e42038,357,117
7f7f4951-fd17-49f4-a129-1551b04f063e,100,b848d072-301e-41bc-a8f0-ddc3980f2c75,651d8b4a-ce4a-4e17-ad34-e313ef377cd8,77,17
7f7f4951-fd17-49f4-a129-1551b04f063e,101,ba3124de-a919-4be5-b595-381e8306954e,3286646f-1726-45d8-b99c-775a594316c9,131,36
7f7f4951-fd17-49f4-a129-1551b04f063e,102,bb5d263e-7a24-4ed3-9396-42e55ab42b4c,714d4e07-3405-4bfb-9859-ad42fef8261c,106,19
7f7f4951-fd17-49f4-a129-1551b04f063e,103,bbf5214b-4996-40c0-906b-8db3fc59e63c,2bf40ef9-5f2b-41ab-af6b-309da5115277,93,17
7f7f4951-fd17-49f4-a129-1551b04f063e,104,bf0ba4e4-315f-4033-9836-d9e0ef77c565,cb25a284-1841-4a23-aa00-4b0dc289d031,161,26
7f7f4951-fd17-49f4-a129-1551b04f063e,105,c386c1e3-4a19-479b-9b18-e681d5700249,33a77522-7667-434b-9158-8b4eecd278ac,82,21
7f7f4951-fd17-49f4-a129-1551b04f063e,106,c38fad4b-0470-4e65-96f9-7082ea752f45,c669e82d-27df-4dd7-a7fe-503c2f359137,71,24
7f7f4951-fd17-49f4-a129-1551b04f063e,107,c3c9b2ea-4922-4687-a6a6-9639ea8dab41,bbf5214b-4996-40c0-906b-8db3fc59e63c,283,56
7f7f4951-fd17-49f4-a129-1551b04f063e,108,c3f86f14-5a3d-438d-91c7-d094c3b87ca6,37f01e68-57ab-4386-b38a-811e9f6b9a29,237,77
7f7f4951-fd17-49f4-a129-1551b04f063e,109,c4f7f203-a459-4c2d-afea-1964b213e90a,0900afc3-0cc6-45e2-a877-cbe3fa10d1ea,212,37
7f7f4951-fd17-49f4-a129-1551b04f063e,110,c6361b22-6d5f-442f-984a-6072b95fd6b9,7c53c027-f1bd-4b3b-a30c-ab80b54c41ae,945,214
7f7f4951-fd17-49f4-a129-1551b04f063e,111,c669e82d-27df-4dd7-a7fe-503c2f359137,86a264c6-de27-485e-9f4f-371c581f75a8,141,39
7f7f4951-fd17-49f4-a129-1551b04f063e,112,c66de4c8-d726-43fa-a0f6-b56d64d08376,5955a614-963a-4012-b153-baef13032279,129,18
7f7f4951-fd17-49f4-a129-1551b04f063e,113,c7af9953-fd04-4d49-8ecc-346213758ccf,c66de4c8-d726-43fa-a0f6-b56d64d08376,109,16
7f7f4951-fd17-49f4-a129-1551b04f063e,114,c938f7c8-5312-4d53-a949-93de07d75878,e2b67306-d5ff-486c-96a0-04d943fcd5d7,122,23
7f7f4951-fd17-49f4-a129-1551b04f063e,115,c9e4e5b1-ae1e-49f6-9d19-550ba159ade3,cacd5cff-fe01-43a2-978a-3ebf0a11dcb1,105,35
7f7f4951-fd17-49f4-a129-1551b04f063e,116,cacd5cff-fe01-43a2-978a-3ebf0a11dcb1,7be7f756-78dd-431d-bb2f-dcec5ee48aef,158,63
7f7f4951-fd17-49f4-a129-1551b04f063e,117,cb25a284-1841-4a23-aa00-4b0dc289d031,0d3aeb36-944b-4d9a-a820-8587dbf6c6d1,150,38
7f7f4951-fd17-49f4-a129-1551b04f063e,118,cdfdf7e0-5155-4fb3-996b-8920be1c3408,f03a34af-74e1-41cb-ae5d-f3b20c46902c,424,68
7f7f4951-fd17-49f4-a129-1551b04f063e,119,d6c9fb5c-39a5-4f28-b961-6189a3cafbf0,406ae045-9945-42c7-bef5-e4d7bf3b02cd,106,20
7f7f4951-fd17-49f4-a129-1551b04f063e,120,d803cd51-8e83-4f69-a8b5-3cdaae9f537e,99a7827a-f440-4eab-9088-c98d04063d1f,218,36
7f7f4951-fd17-49f4-a129-1551b04f063e,121,da8b446b-4f2f-4789-913a-f8121c569fd1,84e3df51-1618-4430-9723-e7a58b9532bf,265,36
7f7f4951-fd17-49f4-a129-1551b04f063e,122,daa204dc-ccb9-4b2c-ac63-530c5b449501,ed9358c4-fde2-4921-b7a3-3ffd6431cfc5,200,41
7f7f4951-fd17-49f4-a129-1551b04f063e,123,daf0c765-5d0c-4173-b6f0-adaa83e8f64b,f3417d6c-cbc7-4324-ab7f-9781ba28777f,210,63
7f7f4951-fd17-49f4-a129-1551b04f063e,124,db107577-8f83-412d-a887-cdd78ff498c1,675b73cb-d41d-4404-937e-689d0fa94275,154,24
7f7f4951-fd17-49f4-a129-1551b04f063e,125,dd3016be-ebf8-4a54-8851-babe2018ee10,e3a244ec-deca-4495-983f-7f60dc08ae1b,59,12
7f7f4951-fd17-49f4-a129-1551b04f063e,126,ddbb7611-f8a1-4a4a-b2fb-0b1490196782,8b5f9775-50f8-4ca4-94ac-39c079aa12c2,114,18
7f7f4951-fd17-49f4-a129-1551b04f063e,127,dde678f9-834f-43dc-b244-7eda433e6fa7,9e2b9fea-dbb6-48ff-bce6-bc85b0488825,82,14
7f7f4951-fd17-49f4-a129-1551b04f063e,128,deb3eb8a-5623-4ae6-9bbd-e2780bd08704,b1c1014a-a5b4-458a-a36d-0c57f7875ac4,183,34
7f7f4951-fd17-49f4-a129-1551b04f063e,129,dfd943f9-c612-429b-a24b-ee8aad95adc4,24f23c66-2898-4798-9ced-e65a7989a1f3,80,14
7f7f4951-fd17-49f4-a129-1551b04f063e,130,e0863f21-315c-4ead-99de-e3f3a0c6f1cc,4977f8f4-05c2-4721-90f0-cde4ad5a55da,440,95
7f7f4951-fd17-49f4-a129-1551b04f063e,131,e2b67306-d5ff-486c-96a0-04d943fcd5d7,95efb6fa-2f15-4de8-8f80-bc63a72bb8b6,263,41
7f7f4951-fd17-49f4-a129-1551b04f063e,132,e3a244ec-deca-4495-983f-7f60dc08ae1b,7522808f-0db4-4475-a235-949382763cf9,266,51
7f7f4951-fd17-49f4-a129-1551b04f063e,133,e9845f35-0bcf-46c1-bec2-c04df194dede,1c731a65-a71b-4052-9be3-552feaecf864,239,53
7f7f4951-fd17-49f4-a129-1551b04f063e,134,ea8d68f1-43fe-4539-9b7b-91a5e173abe3,b4004f8c-a56b-4f1f-8f69-2d72c39a9fcf,440,102
7f7f4951-fd17-49f4-a129-1551b04f063e,135,eb44021a-5557-4142-bdcd-cc946d1e0203,56b25005-4082-4352-8476-7bee2d0942bb,309,83
7f7f4951-fd17-49f4-a129-1551b04f063e,136,eb5974c2-3d4b-4035-b586-286c9531884c,c6361b22-6d5f-442f-984a-6072b95fd6b9,263,34
7f7f4951-fd17-49f4-a129-1551b04f063e,137,ebe14573-0b0f-4723-9858-66729ec1103e,89f12d8b-7104-4e1a-b8ec-71e3760a4ca3,137,30
7f7f4951-fd17-49f4-a129-1551b04f063e,138,ed9358c4-fde2-4921-b7a3-3ffd6431cfc5,deb3eb8a-5623-4ae6-9bbd-e2780bd08704,41,10
7f7f4951-fd17-49f4-a129-1551b04f063e,139,f03a34af-74e1-41cb-ae5d-f3b20c46902c,1bb56af3-d313-47bb-b7a9-f87352aad921,106,20
7f7f4951-fd17-49f4-a129-1551b04f063e,140,f32c4dc4-4df2-457f-9b7a-240aa8a48667,5f0d5837-0646-4ca2-be83-1bf5b010ba8a,146,18
7f7f4951-fd17-49f4-a129-1551b04f063e,141,f3417d6c-cbc7-4324-ab7f-9781ba28777f,5a8fb338-4611-4e88-9e90-811e3b025f0b,252,37
7f7f4951-fd17-49f4-a129-1551b04f063e,142,f58ed677-1e43-40c5-9254-de9be21db1ff,ba3124de-a919-4be5-b595-381e8306954e,288,53
7f7f4951-fd17-49f4-a129-1551b04f063e,143,f93b37b8-afb4-4cea-8e48-8d0179e6735f,520001ce-ea9d-4563-a7fe-21f6554ea801,65,11
7f7f4951-fd17-49f4-a129-1551b04f063e,144,fa4ef6ba-a3a9-4a34-9bc3-e37d5a456dd7,633c9b8b-8c43-4e90-bd4f-247759d529a1,151,25
7f7f4951-fd17-49f4-a129-1551b04f063e,145,faec26de-03cb-4762-9fcd-e6eac78ff475,fcab6ed4-9209-4ff3-ab43-cca93d135ea6,78,12
7f7f4951-fd17-49f4-a129-1551b04f063e,146,fb790c68-d277-4fcc-bcc4-4eaf853303af,aeee3fd0-ca69-4067-8e30-3ec4c8f24b20,99,25
7f7f4951-fd17-49f4-a129-1551b04f063e,147,fc2bb910-df5c-49ca-9318-badd29a27ab2,c7af9953-fd04-4d49-8ecc-346213758ccf,357,50
7f7f4951-fd17-49f4-a129-1551b04f063e,148,fc6bd711-6915-4b6c-b10c-23a47715e405,9a5417e5-a989-4571-a762-6ecc56893f0b,85,13
7f7f4951-fd17-49f4-a129-1551b04f063e,149,fcab6ed4-9209-4ff3-ab43-cca93d135ea6,a8530194-f0f3-44cf-8d99-8c451d8b759e,320,71
7f7f4951-fd17-49f4-a129-1551b04f063e,150,fe91e07a-ad9b-4917-a0ea-fc1e7b5628b1,eb44021a-5557-4142-bdcd-cc946d1e0203,161,27
7f7f4951-fd17-49f4-a129-1551b04f063e,151,fedb125d-dd1b-47c3-9d4e-6791954ffc17,774b4ab9-f53c-4f89-a4e3-a54d2b441687,656,148
b90432ce-5b11-4c6e-bc09-431f54ed5970,0,08957079-1732-45a7-aaa7-38aea95df00b,deb3eb8a-5623-4ae6-9bbd-e2780bd08704,168,30
b90432ce-5b11-4c6e-bc09-431f54ed5970,1,08a08e83-6a7d-4b3a-9a90-7c3edc0297bf,1a043dcc-bb72-401f-8832-e61cda03bbc6,20,5
b90432ce-5b11-4c6e-bc09-431f54ed5970,2,0900afc3-0cc6-45e2-a877-cbe3fa10d1ea,c4f7f203-a459-4c2d-afea-1964b213e90a,504,142
b90432ce-5b11-4c6e-bc09-431f54ed5970,3,12427404-d39b-459a-9aeb-28d71defeb3f,a8530194-f0f3-44cf-8d99-8c451d8b759e,82,26
b90432ce-5b11-4c6e-bc09-431f54ed5970,4,13d4543c-5da3-434d-9998-17ec31fe4917,864782ac-3040-4d52-90f0-60c6d09dd6d6,71,17
b90432ce-5b11-4c6e-bc09-431f54ed5970,5,1a043dcc-bb72-401f-8832-e61cda03bbc6,77e27ff5-7238-4409-b421-5202338a51e3,148,35
b90432ce-5b11-4c6e-bc09-431f54ed5970,6,1fbaeaa6-7440-4604-9596-adb22b759f1d,7522808f-0db4-4475-a235-949382763cf9,278,65
b90432ce-5b11-4c6e-bc09-431f54ed5970,7,204983f1-0666-4382-88ce-83a85fc12ab9,f76699d8-bd84-4596-a9f5-5a6f99a5d38f,318,64
b90432ce-5b11-4c6e-bc09-431f54ed5970,8,27d0f80d-acbf-4c23-8520-9e47bbb47ba5,4c93e337-57ad-44de-aa9c-d82b306298d4,129,28
b90432ce-5b11-4c6e-bc09-431f54ed5970,9,286f86e6-53d0-42f3-9a90-d3099caf40a8,31a9f6b8-4f67-4b2e-b419-31e8ba186cc1,90,18
b90432ce-5b11-4c6e-bc09-431f54ed5970,10,2bf40ef9-5f2b-41ab-af6b-309da5115277,9a5417e5-a989-4571-a762-6ecc56893f0b,870,163
b90432ce-5b11-4c6e-bc09-431f54ed5970,11,311fdadc-d1b5-4e22-9521-7c109729feee,3fb4fad2-be17-4236-b4d6-c78d307d4d37,363,112
b90432ce-5b11-4c6e-bc09-431f54ed5970,12,31a9f6b8-4f67-4b2e-b419-31e8ba186cc1,311fdadc-d1b5-4e22-9521-7c109729feee,256,89
b90432ce-5b11-4c6e-bc09-431f54ed5970,13,3286646f-1726-45d8-b99c-775a594316c9,ba3124de-a919-4be5-b595-381e8306954e,131,22
b90432ce-5b11-4c6e-bc09-431f54ed5970,14,3e2dea37-a94b-465e-901b-cb2c6d55cd47,6c31d532-8501-457d-a83e-743f61633e96,361,71
b90432ce-5b11-4c6e-bc09-431f54ed5970,15,3fb4fad2-be17-4236-b4d6-c78d307d4d37,0900afc3-0cc6-45e2-a877-cbe3fa10d1ea,739,160
b90432ce-5b11-4c6e-bc09-431f54ed5970,16,4c93e337-57ad-44de-aa9c-d82b306298d4,3e2dea37-a94b-465e-901b-cb2c6d55cd47,1770,334
b90432ce-5b11-4c6e-bc09-431f54ed5970,17,4c9f74cc-28fa-4ce7-90f2-52f9f8a61f73,57088fa9-f782-4856-93c3-78b5360aa3d0,163,25
b90432ce-5b11-4c6e-bc09-431f54ed5970,18,4cfa4ecc-863c-4861-8ca5-5cc55c0d011a,204983f1-0666-4382-88ce-83a85fc12ab9,598,99
b90432ce-5b11-4c6e-bc09-431f54ed5970,19,520001ce-ea9d-4563-a7fe-21f6554ea801,fcab6ed4-9209-4ff3-ab43-cca93d135ea6,143,22
b90432ce-5b11-4c6e-bc09-431f54ed5970,20,57088fa9-f782-4856-93c3-78b5360aa3d0,94f79b06-80f6-425b-84bc-379fcfd8adf1,537,114
b90432ce-5b11-4c6e-bc09-431f54ed5970,21,5955a614-963a-4012-b153-baef13032279,dd3016be-ebf8-4a54-8851-babe2018ee10,160,30
b90432ce-5b11-4c6e-bc09-431f54ed5970,22,6c31d532-8501-457d-a83e-743f61633e96,a6c0d3c7-b849-42ab-88de-7cd959b4c36f,196,48
b90432ce-5b11-4c6e-bc09-431f54ed5970,23,70e6d096-e850-4f43-81cd-ac30b01a688f,f93b37b8-afb4-4cea-8e48-8d0179e6735f,83,14
b90432ce-5b11-4c6e-bc09-431f54ed5970,24,7522808f-0db4-4475-a235-949382763cf9,99a7827a-f440-4eab-9088-c98d04063d1f,111,36
b90432ce-5b11-4c6e-bc09-431f54ed5970,25,77e27ff5-7238-4409-b421-5202338a51e3,286f86e6-53d0-42f3-9a90-d3099caf40a8,129,27
b90432ce-5b11-4c6e-bc09-431f54ed5970,26,7c53c027-f1bd-4b3b-a30c-ab80b54c41ae,c6361b22-6d5f-442f-984a-6072b95fd6b9,566,101
b90432ce-5b11-4c6e-bc09-431f54ed5970,27,81e327dd-2003-489b-a093-9ba054bcefc7,27d0f80d-acbf-4c23-8520-9e47bbb47ba5,260,45
b90432ce-5b11-4c6e-bc09-431f54ed5970,28,864782ac-3040-4d52-90f0-60c6d09dd6d6,12427404-d39b-459a-9aeb-28d71defeb3f,58,13
b90432ce-5b11-4c6e-bc09-431f54ed5970,29,86a264c6-de27-485e-9f4f-371c581f75a8,eb5974c2-3d4b-4035-b586-286c9531884c,174,28
b90432ce-5b11-4c6e-bc09-431f54ed5970,30,8dd76570-ec72-4b73-8ee6-0c970e4e2a91,fc2bb910-df5c-49ca-9318-badd29a27ab2,106,20
b90432ce-5b11-4c6e-bc09-431f54ed5970,31,94f79b06-80f6-425b-84bc-379fcfd8adf1,8dd76570-ec72-4b73-8ee6-0c970e4e2a91,831,175
b90432ce-5b11-4c6e-bc09-431f54ed5970,32,992b45e3-db36-4f1e-8545-20fe66ad63e5,70e6d096-e850-4f43-81cd-ac30b01a688f,280,68
b90432ce-5b11-4c6e-bc09-431f54ed5970,33,99a7827a-f440-4eab-9088-c98d04063d1f,ce3ffc70-5751-4340-872f-8bcda1c20657,254,51
b90432ce-5b11-4c6e-bc09-431f54ed5970,34,9a5417e5-a989-4571-a762-6ecc56893f0b,c3c9b2ea-4922-4687-a6a6-9639ea8dab41,81,17
b90432ce-5b11-4c6e-bc09-431f54ed5970,35,a014c435-ac4a-4557-923b-601b3f5913d8,13d4543c-5da3-434d-9998-17ec31fe4917,530,143
b90432ce-5b11-4c6e-bc09-431f54ed5970,36,a040e9b5-a0f8-4f39-be63-878630f9d930,b1c1014a-a5b4-458a-a36d-0c57f7875ac4,132,23
b90432ce-5b11-4c6e-bc09-431f54ed5970,37,a6c0d3c7-b849-42ab-88de-7cd959b4c36f,08957079-1732-45a7-aaa7-38aea95df00b,289,47
b90432ce-5b11-4c6e-bc09-431f54ed5970,38,af7a08c2-4715-4109-98ff-32e328be2ddb,81e327dd-2003-489b-a093-9ba054bcefc7,120,16
b90432ce-5b11-4c6e-bc09-431f54ed5970,39,b1c1014a-a5b4-458a-a36d-0c57f7875ac4,c38fad4b-0470-4e65-96f9-7082ea752f45,175,101
b90432ce-5b11-4c6e-bc09-431f54ed5970,40,b3cc9f8d-f056-4d44-9f67-04fbe53a93c0,a014c435-ac4a-4557-923b-601b3f5913d8,106,23
b90432ce-5b11-4c6e-bc09-431f54ed5970,41,b4004f8c-a56b-4f1f-8f69-2d72c39a9fcf,4cfa4ecc-863c-4861-8ca5-5cc55c0d011a,289,67
b90432ce-5b11-4c6e-bc09-431f54ed5970,42,ba3124de-a919-4be5-b595-381e8306954e,f58ed677-1e43-40c5-9254-de9be21db1ff,187,28
b90432ce-5b11-4c6e-bc09-431f54ed5970,43,bbf5214b-4996-40c0-906b-8db3fc59e63c,2bf40ef9-5f2b-41ab-af6b-309da5115277,93,17
b90432ce-5b11-4c6e-bc09-431f54ed5970,44,c38fad4b-0470-4e65-96f9-7082ea752f45,c669e82d-27df-4dd7-a7fe-503c2f359137,71,24
b90432ce-5b11-4c6e-bc09-431f54ed5970,45,c3c9b2ea-4922-4687-a6a6-9639ea8dab41,fc6bd711-6915-4b6c-b10c-23a47715e405,166,33
b90432ce-5b11-4c6e-bc09-431f54ed5970,46,c4f7f203-a459-4c2d-afea-1964b213e90a,992b45e3-db36-4f1e-8545-20fe66ad63e5,1297,295
b90432ce-5b11-4c6e-bc09-431f54ed5970,47,c6361b22-6d5f-442f-984a-6072b95fd6b9,3286646f-1726-45d8-b99c-775a594316c9,149,23
b90432ce-5b11-4c6e-bc09-431f54ed5970,48,c669e82d-27df-4dd7-a7fe-503c2f359137,86a264c6-de27-485e-9f4f-371c581f75a8,141,39
b90432ce-5b11-4c6e-bc09-431f54ed5970,49,c66de4c8-d726-43fa-a0f6-b56d64d08376,5955a614-963a-4012-b153-baef13032279,129,18
b90432ce-5b11-4c6e-bc09-431f54ed5970,50,c7af9953-fd04-4d49-8ecc-346213758ccf,c66de4c8-d726-43fa-a0f6-b56d64d08376,109,16
b90432ce-5b11-4c6e-bc09-431f54ed5970,51,ce3ffc70-5751-4340-872f-8bcda1c20657,d803cd51-8e83-4f69-a8b5-3cdaae9f537e,182,34
b90432ce-5b11-4c6e-bc09-431f54ed5970,52,d803cd51-8e83-4f69-a8b5-3cdaae9f537e,af7a08c2-4715-4109-98ff-32e328be2ddb,364,44
b90432ce-5b11-4c6e-bc09-431f54ed5970,53,daa204dc-ccb9-4b2c-ac63-530c5b449501,7c53c027-f1bd-4b3b-a30c-ab80b54c41ae,182,30
b90432ce-5b11-4c6e-bc09-431f54ed5970,54,dd3016be-ebf8-4a54-8851-babe2018ee10,e3a244ec-deca-4495-983f-7f60dc08ae1b,59,12
b90432ce-5b11-4c6e-bc09-431f54ed5970,55,deb3eb8a-5623-4ae6-9bbd-e2780bd08704,ed9358c4-fde2-4921-b7a3-3ffd6431cfc5,41,7
b90432ce-5b11-4c6e-bc09-431f54ed5970,56,e3a244ec-deca-4495-983f-7f60dc08ae1b,08a08e83-6a7d-4b3a-9a90-7c3edc0297bf,211,46
b90432ce-5b11-4c6e-bc09-431f54ed5970,57,ea8d68f1-43fe-4539-9b7b-91a5e173abe3,b4004f8c-a56b-4f1f-8f69-2d72c39a9fcf,440,102
b90432ce-5b11-4c6e-bc09-431f54ed5970,58,eb5974c2-3d4b-4035-b586-286c9531884c,b3cc9f8d-f056-4d44-9f67-04fbe53a93c0,708,178
b90432ce-5b11-4c6e-bc09-431f54ed5970,59,ed9358c4-fde2-4921-b7a3-3ffd6431cfc5,daa204dc-ccb9-4b2c-ac63-530c5b449501,200,48
b90432ce-5b11-4c6e-bc09-431f54ed5970,60,f58ed677-1e43-40c5-9254-de9be21db1ff,bbf5214b-4996-40c0-906b-8db3fc59e63c,378,65
b90432ce-5b11-4c6e-bc09-431f54ed5970,61,f76699d8-bd84-4596-a9f5-5a6f99a5d38f,fedb125d-dd1b-47c3-9d4e-6791954ffc17,1754,330
b90432ce-5b11-4c6e-bc09-431f54ed5970,62,f93b37b8-afb4-4cea-8e48-8d0179e6735f,520001ce-ea9d-4563-a7fe-21f6554ea801,65,11
b90432ce-5b11-4c6e-bc09-431f54ed5970,63,faec26de-03cb-4762-9fcd-e6eac78ff475,a040e9b5-a0f8-4f39-be63-878630f9d930,83,14
b90432ce-5b11-4c6e-bc09-431f54ed5970,64,fc2bb910-df5c-49ca-9318-badd29a27ab2,c7af9953-fd04-4d49-8ecc-346213758ccf,357,50
b90432ce-5b11-4c6e-bc09-431f54ed5970,65,fc6bd711-6915-4b6c-b10c-23a47715e405,4c9f74cc-28fa-4ce7-90f2-52f9f8a61f73,100,15
b90432ce-5b11-4c6e-bc09-431f54ed5970,66,fcab6ed4-9209-4ff3-ab43-cca93d135ea6,faec26de-03cb-4762-9fcd-e6eac78ff475,78,13
b90432ce-5b11-4c6e-bc09-431f54ed5970,67,fedb125d-dd1b-47c3-9d4e-6791954ffc17,1fbaeaa6-7440-4604-9596-adb22b759f1d,106,19
00a55a76-231f-4cf2-8b89-f6dbd518c117,0,013845d9-ec19-4a4c-87e1-266542831549,44f5d456-0e25-4e65-bc60-43f293b001ec,138,16
00a55a76-231f-4cf2-8b89-f6dbd518c117,1,1353fe3c-940e-4079-9359-461db96a20fc,9822ce96-3a11-4966-9fee-108a78f9c544,118,17
00a55a76-231f-4cf2-8b89-f6dbd518c117,2,18620fc7-8f85-423b-8010-4bde6091a916,69fa38e7-3d30-4367-a97e-1eed2ab8c1bd,134,35
00a55a76-231f-4cf2-8b89-f6dbd518c117,3,1c0f1892-f292-4bc5-be47-a20af6ebcc1e,c8bda4e2-9d7e-4679-84bf-82eba78f92d0,94,11
00a55a76-231f-4cf2-8b89-f6dbd518c117,4,1e52a2b4-e239-4e55-bdf9-817589c84ab2,9dd1a9f7-5b6d-4457-b1f3-1ca8083de08c,180,26
00a55a76-231f-4cf2-8b89-f6dbd518c117,5,204983f1-0666-4382-88ce-83a85fc12ab9,f76699d8-bd84-4596-a9f5-5a6f99a5d38f,318,64
00a55a76-231f-4cf2-8b89-f6dbd518c117,6,2bebda71-c7d2-44e5-ae45-460c4045c7ec,1e52a2b4-e239-4e55-bdf9-817589c84ab2,161,28
00a55a76-231f-4cf2-8b89-f6dbd518c117,7,35bdd291-4ba2-4414-9bfa-178a78963a26,42292616-c07f-46ec-bc25-2e568b81000b,443,51
00a55a76-231f-4cf2-8b89-f6dbd518c117,8,42292616-c07f-46ec-bc25-2e568b81000b,c5053fbd-0b10-480f-a149-6e023f4a59d7,323,48
00a55a76-231f-4cf2-8b89-f6dbd518c117,9,44f5d456-0e25-4e65-bc60-43f293b001ec,abaef177-fb34-489a-8941-100245873f3d,262,32
00a55a76-231f-4cf2-8b89-f6dbd518c117,10,47f7da09-3295-422b-a173-5deee3d6243b,776ba4cf-ab06-408e-ae6f-a3bb435333ae,301,34
00a55a76-231f-4cf2-8b89-f6dbd518c117,11,4c9afd4d-30e2-49bf-acd7-5c98b7574b31,63b60259-1da0-4685-b0cc-a1f5f92b2875,310,50
00a55a76-231f-4cf2-8b89-f6dbd518c117,12,4cfa4ecc-863c-4861-8ca5-5cc55c0d011a,204983f1-0666-4382-88ce-83a85fc12ab9,601,100
00a55a76-231f-4cf2-8b89-f6dbd518c117,13,5467d029-3b8f-4231-98c7-8090078a3642,6bd5a0dd-4457-430b-9771-e3ecbcff2dc8,118,18
00a55a76-231f-4cf2-8b89-f6dbd518c117,14,5d916409-34d7-4b2d-9c39-c6dfefc4a874,fc6995db-30ae-45bf-9ec3-e9e0d8499d0b,124,23
00a55a76-231f-4cf2-8b89-f6dbd518c117,15,64b3a1d4-7224-4fcd-957f-1d8487c7caab,89fd9e2f-6f62-4d5a-82b2-fd5bcea77997,109,16
00a55a76-231f-4cf2-8b89-f6dbd518c117,16,69ae51f5-167c-4830-82c1-6bd82b452f74,d614ade3-8f9e-4e9f-b8f9-c6b3d0a5bc5f,290,45
00a55a76-231f-4cf2-8b89-f6dbd518c117,17,69fa38e7-3d30-4367-a97e-1eed2ab8c1bd,809837aa-f662-453b-af73-87163c16d237,251,66
00a55a76-231f-4cf2-8b89-f6dbd518c117,18,6bd5a0dd-4457-430b-9771-e3ecbcff2dc8,efbbeb3b-4c2f-4818-a7f4-0a62c557f182,95,13
00a55a76-231f-4cf2-8b89-f6dbd518c117,19,7091075f-64e0-4f5c-b3ca-d578fa22786e,f0ba44c4-c857-4c93-944a-1d74a4aee587,90,16
00a55a76-231f-4cf2-8b89-f6dbd518c117,20,70e59d39-cf6f-428c-b579-68c675737672,ebc20dbc-54ae-404c-97f5-cda1ec119be3,107,17
00a55a76-231f-4cf2-8b89-f6dbd518c117,21,734b855c-0184-4099-8c4a-ea987ff3b94a,70e59d39-cf6f-428c-b579-68c675737672,293,61
00a55a76-231f-4cf2-8b89-f6dbd518c117,22,73c6f96f-576e-4657-bd54-077d8e5cfa04,013845d9-ec19-4a4c-87e1-266542831549,474,60
00a55a76-231f-4cf2-8b89-f6dbd518c117,23,75a323ff-1074-4a17-bc13-ce6cb67e6098,64b3a1d4-7224-4fcd-957f-1d8487c7caab,307,51
00a55a76-231f-4cf2-8b89-f6dbd518c117,24,776ba4cf-ab06-408e-ae6f-a3bb435333ae,4c9afd4d-30e2-49bf-acd7-5c98b7574b31,250,35
00a55a76-231f-4cf2-8b89-f6dbd518c117,25,7dc5848f-96bc-4131-b722-b8aa83ff37eb,a77ed53b-abb5-40c2-824d-9389d71a9bdf,41,6
00a55a76-231f-4cf2-8b89-f6dbd518c117,26,809837aa-f662-453b-af73-87163c16d237,f625652d-f352-486b-ad54-ab31dda01c0e,147,24
00a55a76-231f-4cf2-8b89-f6dbd518c117,27,86f9c31a-0e0e-497c-8c53-5ac9a5171d13,e7a301ac-a173-4397-9cfa-7be541d7458f,330,59
00a55a76-231f-4cf2-8b89-f6dbd518c117,28,87d57307-f1e5-4e85-aa7f-f4a03d84e8ac,75a323ff-1074-4a17-bc13-ce6cb67e6098,211,22
00a55a76-231f-4cf2-8b89-f6dbd518c117,29,89fd9e2f-6f62-4d5a-82b2-fd5bcea77997,2bebda71-c7d2-44e5-ae45-460c4045c7ec,124,17
00a55a76-231f-4cf2-8b89-f6dbd518c117,30,95786052-11e3-4d3c-969c-bbb898fefccc,734b855c-0184-4099-8c4a-ea987ff3b94a,182,30
00a55a76-231f-4cf2-8b89-f6dbd518c117,31,9822ce96-3a11-4966-9fee-108a78f9c544,18620fc7-8f85-423b-8010-4bde6091a916,132,46
00a55a76-231f-4cf2-8b89-f6dbd518c117,32,9dd1a9f7-5b6d-4457-b1f3-1ca8083de08c,e0262cdf-c6bb-4ff7-95ff-f85a53e4618b,286,39
00a55a76-231f-4cf2-8b89-f6dbd518c117,33,a3f1c84d-d97c-4383-814e-54b771e57fe5,ad8fd03c-02f9-48ba-ae21-1cbd46c2f670,122,20
00a55a76-231f-4cf2-8b89-f6dbd518c117,34,a402b27d-7883-435a-81e8-759997c32a19,69ae51f5-167c-4830-82c1-6bd82b452f74,128,30
00a55a76-231f-4cf2-8b89-f6dbd518c117,35,a77ed53b-abb5-40c2-824d-9389d71a9bdf,dbe3b53a-3cd2-441a-90a5-d9e0505c306c,38,7
00a55a76-231f-4cf2-8b89-f6dbd518c117,36,abaef177-fb34-489a-8941-100245873f3d,35bdd291-4ba2-4414-9bfa-178a78963a26,273,33
00a55a76-231f-4cf2-8b89-f6dbd518c117,37,ad8fd03c-02f9-48ba-ae21-1cbd46c2f670,1c0f1892-f292-4bc5-be47-a20af6ebcc1e,234,34
00a55a76-231f-4cf2-8b89-f6dbd518c117,38,c5053fbd-0b10-480f-a149-6e023f4a59d7,2d30441e-962c-41c7-a98d-1b61c83a1264,243,32
00a55a76-231f-4cf2-8b89-f6dbd518c117,39,c8bda4e2-9d7e-4679-84bf-82eba78f92d0,47f7da09-3295-422b-a173-5deee3d6243b,95,10
00a55a76-231f-4cf2-8b89-f6dbd518c117,40,dbe3b53a-3cd2-441a-90a5-d9e0505c306c,e5294a1d-42bd-4380-8266-be69b1c25e26,76,12
00a55a76-231f-4cf2-8b89-f6dbd518c117,41,e0262cdf-c6bb-4ff7-95ff-f85a53e4618b,a3f1c84d-d97c-4383-814e-54b771e57fe5,117,19
00a55a76-231f-4cf2-8b89-f6dbd518c117,42,e5294a1d-42bd-4380-8266-be69b1c25e26,f400ac3c-6812-41c5-a8f5-2f55b07701aa,74,11
00a55a76-231f-4cf2-8b89-f6dbd518c117,43,e7a301ac-a173-4397-9cfa-7be541d7458f,5467d029-3b8f-4231-98c7-8090078a3642,101,17
00a55a76-231f-4cf2-8b89-f6dbd518c117,44,ea8d68f1-43fe-4539-9b7b-91a5e173abe3,b4004f8c-a56b-4f1f-8f69-2d72c39a9fcf,440,102
00a55a76-231f-4cf2-8b89-f6dbd518c117,45,efbbeb3b-4c2f-4818-a7f4-0a62c557f182,7dc5848f-96bc-4131-b722-b8aa83ff37eb,132,20
00a55a76-231f-4cf2-8b89-f6dbd518c117,46,f0ba44c4-c857-4c93-944a-1d74a4aee587,86f9c31a-0e0e-497c-8c53-5ac9a5171d13,103,22
00a55a76-231f-4cf2-8b89-f6dbd518c117,47,f400ac3c-6812-41c5-a8f5-2f55b07701aa,5d916409-34d7-4b2d-9c39-c6dfefc4a874,230,36
00a55a76-231f-4cf2-8b89-f6dbd518c117,48,f625652d-f352-486b-ad54-ab31dda01c0e,7091075f-64e0-4f5c-b3ca-d578fa22786e,118,20
00a55a76-231f-4cf2-8b89-f6dbd518c117,49,f76699d8-bd84-4596-a9f5-5a6f99a5d38f,87d57307-f1e5-4e85-aa7f-f4a03d84e8ac,1359,233
00a55a76-231f-4cf2-8b89-f6dbd518c117,50,fc6995db-30ae-45bf-9ec3-e9e0d8499d0b,a402b27d-7883-435a-81e8-759997c32a19,284,30
cb8ad8c3-6f50-4cd5-888e-84dd11a1e95b,0,013845d9-ec19-4a4c-87e1-266542831549,44f5d456-0e25-4e65-bc60-43f293b001ec,138,16
cb8ad8c3-6f50-4cd5-888e-84dd11a1e95b,1,04dacf9c-0f8a-49cd-9d56-d1173739f90d,734b855c-0184-4099-8c4a-ea987ff3b94a,82,10
cb8ad8c3-6f50-4cd5-888e-84dd11a1e95b,2,0a245372-20e5-411a-aeea-b8aa058afb3d,5964c466-9032-4a1c-ac21-f2000e655146,116,18
cb8ad8c3-6f50-4cd5-888e-84dd11a1e95b,3,10165239-f128-4f9b-b291-eb68694e6f62,0a245372-20e5-411a-aeea-b8aa058afb3d,116,19
cb8ad8c3-6f50-4cd5-888e-84dd11a1e95b,4,1353fe3c-940e-4079-9359-461db96a20fc,9822ce96-3a11-4966-9fee-108a78f9c544,118,17
cb8ad8c3-6f50-4cd5-888e-84dd11a1e95b,5,18620fc7-8f85-423b-8010-4bde6091a916,809837aa-f662-453b-af73-87163c16d237,117,31
cb8ad8c3-6f50-4cd5-888e-84dd11a1e95b,6,1ba94b5e-7f96-4ac3-84f2-1439cc813020,93eecf71-8902-45bb-8574-cd88e9be46a5,182,35
cb8ad8c3-6f50-4cd5-888e-84dd11a1e95b,7,1c0f1892-f292-4bc5-be47-a20af6ebcc1e,c8bda4e2-9d7e-4679-84bf-82eba78f92d0,94,11
cb8ad8c3-6f50-4cd5-888e-84dd11a1e95b,8,1caf2c85-0ebd-4add-9b08-504f7a4e44f8,e1891b11-98c3-4107-b485-7fdacc8f9d25,105,38
cb8ad8c3-6f50-4cd5-888e-84dd11a1e95b,9,1e52a2b4-e239-4e55-bdf9-817589c84ab2,9dd1a9f7-5b6d-4457-b1f3-1ca8083de08c,180,26
cb8ad8c3-6f50-4cd5-888e-84dd11a1e95b,10,204983f1-0666-4382-88ce-83a85fc12ab9,f76699d8-bd84-4596-a9f5-5a6f99a5d38f,318,64
cb8ad8c3-6f50-4cd5-888e-84dd11a1e95b,11,293b115e-8312-4b6d-813d-3107e2bd5088,d2a2af9d-71c6-4766-a964-5fc4b9d66eb7,437,37
cb8ad8c3-6f50-4cd5-888e-84dd11a1e95b,12,2b4ab56e-c7bc-4962-84f8-fab85b5f2482,71b88cc8-a2a5-4d79-9ee8-b2959e96e2d8,128,17
cb8ad8c3-6f50-4cd5-888e-84dd11a1e95b,13,2bebda71-c7d2-44e5-ae45-460c4045c7ec,1e52a2b4-e239-4e55-bdf9-817589c84ab2,161,28
cb8ad8c3-6f50-4cd5-888e-84dd11a1e95b,14,2d30441e-962c-41c7-a98d-1b61c83a1264,d233d757-4d81-4587-b0e4-cf52ce792520,257,56
cb8ad8c3-6f50-4cd5-888e-84dd11a1e95b,15,35bdd291-4ba2-4414-9bfa-178a78963a26,42292616-c07f-46ec-bc25-2e568b81000b,443,51
cb8ad8c3-6f50-4cd5-888e-84dd11a1e95b,16,42292616-c07f-46ec-bc25-2e568b81000b,c5053fbd-0b10-480f-a149-6e023f4a59d7,323,48
cb8ad8c3-6f50-4cd5-888e-84dd11a1e95b,17,44f5d456-0e25-4e65-bc60-43f293b001ec,abaef177-fb34-489a-8941-100245873f3d,262,32
cb8ad8c3-6f50-4cd5-888e-84dd11a1e95b,18,47f7da09-3295-422b-a173-5deee3d6243b,776ba4cf-ab06-408e-ae6f-a3bb435333ae,301,34
cb8ad8c3-6f50-4cd5-888e-84dd11a1e95b,19,4cfa4ecc-863c-4861-8ca5-5cc55c0d011a,204983f1-0666-4382-88ce-83a85fc12ab9,598,99
cb8ad8c3-6f50-4cd5-888e-84dd11a1e95b,20,51226a6f-d93c-4d30-9f2e-616520ca4fef,1caf2c85-0ebd-4add-9b08-504f7a4e44f8,141,42
cb8ad8c3-6f50-4cd5-888e-84dd11a1e95b,21,5467d029-3b8f-4231-98c7-8090078a3642,6bd5a0dd-4457-430b-9771-e3ecbcff2dc8,118,18
cb8ad8c3-6f50-4cd5-888e-84dd11a1e95b,22,54d9b966-7098-4216-9f75-cf0b71e64187,5bc6d247-4420-4f0b-9edf-2395c3a4ed22,214,54
cb8ad8c3-6f50-4cd5-888e-84dd11a1e95b,23,55244d80-dfc0-464b-9938-ed7457b5fb97,95786052-11e3-4d3c-969c-bbb898fefccc,99,17
cb8ad8c3-6f50-4cd5-888e-84dd11a1e95b,24,5964c466-9032-4a1c-ac21-f2000e655146,8fa78079-26aa-4456-9d5b-6faab21778a0,152,22
cb8ad8c3-6f50-4cd5-888e-84dd11a1e95b,25,5a3b0dde-4e94-482b-8d4f-169a1b71bf8a,1ba94b5e-7f96-4ac3-84f2-1439cc813020,108,16
cb8ad8c3-6f50-4cd5-888e-84dd11a1e95b,26,5b987b93-0691-41b9-9e87-36e406da9965,7777cf3d-0c61-47cf-8d30-50f8a1d6fc27,132,19
cb8ad8c3-6f50-4cd5-888e-84dd11a1e95b,27,5bc6d247-4420-4f0b-9edf-2395c3a4ed22,86667a26-5f8a-4e22-8b24-b9b05edda6eb,183,26
cb8ad8c3-6f50-4cd5-888e-84dd11a1e95b,28,5d916409-34d7-4b2d-9c39-c6dfefc4a874,f400ac3c-6812-41c5-a8f5-2f55b07701aa,230,39
cb8ad8c3-6f50-4cd5-888e-84dd11a1e95b,29,5e3cdb73-d1a4-483d-a64b-3c46584afcfd,c9fedac0-891d-4f79-8832-32f659037303,281,45
cb8ad8c3-6f50-4cd5-888e-84dd11a1e95b,30,61633736-c7dc-469c-9016-4c366c7468f9,55244d80-dfc0-464b-9938-ed7457b5fb97,99,16
cb8ad8c3-6f50-4cd5-888e-84dd11a1e95b,31,63b60259-1da0-4685-b0cc-a1f5f92b2875,013845d9-ec19-4a4c-87e1-266542831549,296,31
cb8ad8c3-6f50-4cd5-888e-84dd11a1e95b,32,64b3a1d4-7224-4fcd-957f-1d8487c7caab,89fd9e2f-6f62-4d5a-82b2-fd5bcea77997,109,16
cb8ad8c3-6f50-4cd5-888e-84dd11a1e95b,33,69ae51f5-167c-4830-82c1-6bd82b452f74,a402b27d-7883-435a-81e8-759997c32a19,128,27
cb8ad8c3-6f50-4cd5-888e-84dd11a1e95b,34,6bd5a0dd-4457-430b-9771-e3ecbcff2dc8,efbbeb3b-4c2f-4818-a7f4-0a62c557f182,95,13
cb8ad8c3-6f50-4cd5-888e-84dd11a1e95b,35,7091075f-64e0-4f5c-b3ca-d578fa22786e,f625652d-f352-486b-ad54-ab31dda01c0e,118,19
cb8ad8c3-6f50-4cd5-888e-84dd11a1e95b,36,70e59d39-cf6f-428c-b579-68c675737672,ebc20dbc-54ae-404c-97f5-cda1ec119be3,107,17
cb8ad8c3-6f50-4cd5-888e-84dd11a1e95b,37,734b855c-0184-4099-8c4a-ea987ff3b94a,70e59d39-cf6f-428c-b579-68c675737672,293,61
cb8ad8c3-6f50-4cd5-888e-84dd11a1e95b,38,73c6f96f-576e-4657-bd54-077d8e5cfa04,7091075f-64e0-4f5c-b3ca-d578fa22786e,232,38
cb8ad8c3-6f50-4cd5-888e-84dd11a1e95b,39,75a323ff-1074-4a17-bc13-ce6cb67e6098,64b3a1d4-7224-4fcd-957f-1d8487c7caab,307,51
cb8ad8c3-6f50-4cd5-888e-84dd11a1e95b,40,7777cf3d-0c61-47cf-8d30-50f8a1d6fc27,293b115e-8312-4b6d-813d-3107e2bd5088,373,34
cb8ad8c3-6f50-4cd5-888e-84dd11a1e95b,41,7dc5848f-96bc-4131-b722-b8aa83ff37eb,a77ed53b-abb5-40c2-824d-9389d71a9bdf,41,6
cb8ad8c3-6f50-4cd5-888e-84dd11a1e95b,42,809837aa-f662-453b-af73-87163c16d237,e7a301ac-a173-4397-9cfa-7be541d7458f,98,20
cb8ad8c3-6f50-4cd5-888e-84dd11a1e95b,43,86667a26-5f8a-4e22-8b24-b9b05edda6eb,61633736-c7dc-469c-9016-4c366c7468f9,178,28
cb8ad8c3-6f50-4cd5-888e-84dd11a1e95b,44,86f9c31a-0e0e-497c-8c53-5ac9a5171d13,f0ba44c4-c857-4c93-944a-1d74a4aee587,103,18
cb8ad8c3-6f50-4cd5-888e-84dd11a1e95b,45,87d57307-f1e5-4e85-aa7f-f4a03d84e8ac,75a323ff-1074-4a17-bc13-ce6cb67e6098,211,22
cb8ad8c3-6f50-4cd5-888e-84dd11a1e95b,46,89fd9e2f-6f62-4d5a-82b2-fd5bcea77997,2bebda71-c7d2-44e5-ae45-460c4045c7ec,124,17
cb8ad8c3-6f50-4cd5-888e-84dd11a1e95b,47,8eb1ce15-a910-46b3-abee-df5d610f4b4e,97fddcc8-efbd-410f-b2f1-54413a962c4b,156,26
cb8ad8c3-6f50-4cd5-888e-84dd11a1e95b,48,8fa78079-26aa-4456-9d5b-6faab21778a0,8eb1ce15-a910-46b3-abee-df5d610f4b4e,181,42
cb8ad8c3-6f50-4cd5-888e-84dd11a1e95b,49,93eecf71-8902-45bb-8574-cd88e9be46a5,5b987b93-0691-41b9-9e87-36e406da9965,107,19
cb8ad8c3-6f50-4cd5-888e-84dd11a1e95b,50,95786052-11e3-4d3c-969c-bbb898fefccc,04dacf9c-0f8a-49cd-9d56-d1173739f90d,277,49
cb8ad8c3-6f50-4cd5-888e-84dd11a1e95b,51,97fddcc8-efbd-410f-b2f1-54413a962c4b,c12d429c-2505-4899-b9fe-c9ce1842b7ce,110,13
cb8ad8c3-6f50-4cd5-888e-84dd11a1e95b,52,9822ce96-3a11-4966-9fee-108a78f9c544,18620fc7-8f85-423b-8010-4bde6091a916,132,46
cb8ad8c3-6f50-4cd5-888e-84dd11a1e95b,53,9dd1a9f7-5b6d-4457-b1f3-1ca8083de08c,e0262cdf-c6bb-4ff7-95ff-f85a53e4618b,286,39
cb8ad8c3-6f50-4cd5-888e-84dd11a1e95b,54,a3f1c84d-d97c-4383-814e-54b771e57fe5,ad8fd03c-02f9-48ba-ae21-1cbd46c2f670,122,20
cb8ad8c3-6f50-4cd5-888e-84dd11a1e95b,55,a402b27d-7883-435a-81e8-759997c32a19,fc6995db-30ae-45bf-9ec3-e9e0d8499d0b,284,49
cb8ad8c3-6f50-4cd5-888e-84dd11a1e95b,56,a64af06f-66f7-47e9-b3f4-84aca5696767,ae3659cd-d438-475d-a4fe-43cbbca0c24c,105,28
cb8ad8c3-6f50-4cd5-888e-84dd11a1e95b,57,a77ed53b-abb5-40c2-824d-9389d71a9bdf,d614ade3-8f9e-4e9f-b8f9-c6b3d0a5bc5f,127,16
cb8ad8c3-6f50-4cd5-888e-84dd11a1e95b,58,abaef177-fb34-489a-8941-100245873f3d,35bdd291-4ba2-4414-9bfa-178a78963a26,273,33
cb8ad8c3-6f50-4cd5-888e-84dd11a1e95b,59,ad8fd03c-02f9-48ba-ae21-1cbd46c2f670,1c0f1892-f292-4bc5-be47-a20af6ebcc1e,234,34
cb8ad8c3-6f50-4cd5-888e-84dd11a1e95b,60,ae3659cd-d438-475d-a4fe-43cbbca0c24c,51226a6f-d93c-4d30-9f2e-616520ca4fef,115,32
cb8ad8c3-6f50-4cd5-888e-84dd11a1e95b,61,b4004f8c-a56b-4f1f-8f69-2d72c39a9fcf,4cfa4ecc-863c-4861-8ca5-5cc55c0d011a,289,67
cb8ad8c3-6f50-4cd5-888e-84dd11a1e95b,62,c0d5d098-6894-4be5-af9a-8d374f6482df,f003f2c6-281e-422a-8baf-ff5585135c28,72,16
cb8ad8c3-6f50-4cd5-888e-84dd11a1e95b,63,c12d429c-2505-4899-b9fe-c9ce1842b7ce,2b4ab56e-c7bc-4962-84f8-fab85b5f2482,184,27
cb8ad8c3-6f50-4cd5-888e-84dd11a1e95b,64,c5053fbd-0b10-480f-a149-6e023f4a59d7,2d30441e-962c-41c7-a98d-1b61c83a1264,243,32
cb8ad8c3-6f50-4cd5-888e-84dd11a1e95b,65,c8bda4e2-9d7e-4679-84bf-82eba78f92d0,47f7da09-3295-422b-a173-5deee3d6243b,95,10
cb8ad8c3-6f50-4cd5-888e-84dd11a1e95b,66,c9fedac0-891d-4f79-8832-32f659037303,5a3b0dde-4e94-482b-8d4f-169a1b71bf8a,81,11
cb8ad8c3-6f50-4cd5-888e-84dd11a1e95b,67,d233d757-4d81-4587-b0e4-cf52ce792520,5e3cdb73-d1a4-483d-a64b-3c46584afcfd,70,14
cb8ad8c3-6f50-4cd5-888e-84dd11a1e95b,68,d2a2af9d-71c6-4766-a964-5fc4b9d66eb7,e4aed314-6f01-43ff-a537-90e485ec12fd,97,12
cb8ad8c3-6f50-4cd5-888e-84dd11a1e95b,69,d614ade3-8f9e-4e9f-b8f9-c6b3d0a5bc5f,69ae51f5-167c-4830-82c1-6bd82b452f74,290,47
cb8ad8c3-6f50-4cd5-888e-84dd11a1e95b,70,dbe3b53a-3cd2-441a-90a5-d9e0505c306c,86f9c31a-0e0e-497c-8c53-5ac9a5171d13,652,106
cb8ad8c3-6f50-4cd5-888e-84dd11a1e95b,71,e0262cdf-c6bb-4ff7-95ff-f85a53e4618b,a3f1c84d-d97c-4383-814e-54b771e57fe5,117,19
cb8ad8c3-6f50-4cd5-888e-84dd11a1e95b,72,e1891b11-98c3-4107-b485-7fdacc8f9d25,54d9b966-7098-4216-9f75-cf0b71e64187,142,58
cb8ad8c3-6f50-4cd5-888e-84dd11a1e95b,73,e4aed314-6f01-43ff-a537-90e485ec12fd,2f6adb99-2fe7-4afd-b4e4-d61981ececd7,361,74
cb8ad8c3-6f50-4cd5-888e-84dd11a1e95b,74,e5294a1d-42bd-4380-8266-be69b1c25e26,dbe3b53a-3cd2-441a-90a5-d9e0505c306c,76,14
cb8ad8c3-6f50-4cd5-888e-84dd11a1e95b,75,e7a301ac-a173-4397-9cfa-7be541d7458f,5467d029-3b8f-4231-98c7-8090078a3642,101,17
cb8ad8c3-6f50-4cd5-888e-84dd11a1e95b,76,ea8d68f1-43fe-4539-9b7b-91a5e173abe3,b4004f8c-a56b-4f1f-8f69-2d72c39a9fcf,440,102
cb8ad8c3-6f50-4cd5-888e-84dd11a1e95b,77,ebc20dbc-54ae-404c-97f5-cda1ec119be3,1353fe3c-940e-4079-9359-461db96a20fc,187,26
cb8ad8c3-6f50-4cd5-888e-84dd11a1e95b,78,efbbeb3b-4c2f-4818-a7f4-0a62c557f182,7dc5848f-96bc-4131-b722-b8aa83ff37eb,132,20
cb8ad8c3-6f50-4cd5-888e-84dd11a1e95b,79,f003f2c6-281e-422a-8baf-ff5585135c28,a64af06f-66f7-47e9-b3f4-84aca5696767,48,11
cb8ad8c3-6f50-4cd5-888e-84dd11a1e95b,80,f0ba44c4-c857-4c93-944a-1d74a4aee587,73c6f96f-576e-4657-bd54-077d8e5cfa04,308,49
cb8ad8c3-6f50-4cd5-888e-84dd11a1e95b,81,f400ac3c-6812-41c5-a8f5-2f55b07701aa,e5294a1d-42bd-4380-8266-be69b1c25e26,74,12
cb8ad8c3-6f50-4cd5-888e-84dd11a1e95b,82,f625652d-f352-486b-ad54-ab31dda01c0e,69fa38e7-3d30-4367-a97e-1eed2ab8c1bd,144,28
cb8ad8c3-6f50-4cd5-888e-84dd11a1e95b,83,f76699d8-bd84-4596-a9f5-5a6f99a5d38f,87d57307-f1e5-4e85-aa7f-f4a03d84e8ac,1359,233
cb8ad8c3-6f50-4cd5-888e-84dd11a1e95b,84,fc6995db-30ae-45bf-9ec3-e9e0d8499d0b,5d916409-34d7-4b2d-9c39-c6dfefc4a874,124,26
d156d457-473e-405f-af31-22e9a44ad2f2,0,04dacf9c-0f8a-49cd-9d56-d1173739f90d,55244d80-dfc0-464b-9938-ed7457b5fb97,178,23
d156d457-473e-405f-af31-22e9a44ad2f2,1,1ba94b5e-7f96-4ac3-84f2-1439cc813020,5a3b0dde-4e94-482b-8d4f-169a1b71bf8a,108,16
d156d457-473e-405f-af31-22e9a44ad2f2,2,1caf2c85-0ebd-4add-9b08-504f7a4e44f8,e1891b11-98c3-4107-b485-7fdacc8f9d25,105,38
d156d457-473e-405f-af31-22e9a44ad2f2,3,204983f1-0666-4382-88ce-83a85fc12ab9,f76699d8-bd84-4596-a9f5-5a6f99a5d38f,318,64
d156d457-473e-405f-af31-22e9a44ad2f2,4,293b115e-8312-4b6d-813d-3107e2bd5088,93eecf71-8902-45bb-8574-cd88e9be46a5,611,65
d156d457-473e-405f-af31-22e9a44ad2f2,5,2b4ab56e-c7bc-4962-84f8-fab85b5f2482,71b88cc8-a2a5-4d79-9ee8-b2959e96e2d8,128,17
d156d457-473e-405f-af31-22e9a44ad2f2,6,2f6adb99-2fe7-4afd-b4e4-d61981ececd7,e4aed314-6f01-43ff-a537-90e485ec12fd,2338,512
d156d457-473e-405f-af31-22e9a44ad2f2,7,4cfa4ecc-863c-4861-8ca5-5cc55c0d011a,204983f1-0666-4382-88ce-83a85fc12ab9,598,99
d156d457-473e-405f-af31-22e9a44ad2f2,8,51226a6f-d93c-4d30-9f2e-616520ca4fef,1caf2c85-0ebd-4add-9b08-504f7a4e44f8,141,42
d156d457-473e-405f-af31-22e9a44ad2f2,9,54d9b966-7098-4216-9f75-cf0b71e64187,5bc6d247-4420-4f0b-9edf-2395c3a4ed22,214,54
d156d457-473e-405f-af31-22e9a44ad2f2,10,55244d80-dfc0-464b-9938-ed7457b5fb97,61633736-c7dc-469c-9016-4c366c7468f9,99,15
d156d457-473e-405f-af31-22e9a44ad2f2,11,5964c466-9032-4a1c-ac21-f2000e655146,8fa78079-26aa-4456-9d5b-6faab21778a0,152,22
d156d457-473e-405f-af31-22e9a44ad2f2,12,5a3b0dde-4e94-482b-8d4f-169a1b71bf8a,c9fedac0-891d-4f79-8832-32f659037303,81,11
d156d457-473e-405f-af31-22e9a44ad2f2,13,5bc6d247-4420-4f0b-9edf-2395c3a4ed22,86667a26-5f8a-4e22-8b24-b9b05edda6eb,183,26
d156d457-473e-405f-af31-22e9a44ad2f2,14,5e3cdb73-d1a4-483d-a64b-3c46584afcfd,d233d757-4d81-4587-b0e4-cf52ce792520,70,17
d156d457-473e-405f-af31-22e9a44ad2f2,15,61633736-c7dc-469c-9016-4c366c7468f9,2f6adb99-2fe7-4afd-b4e4-d61981ececd7,711,111
d156d457-473e-405f-af31-22e9a44ad2f2,16,71b88cc8-a2a5-4d79-9ee8-b2959e96e2d8,1ba94b5e-7f96-4ac3-84f2-1439cc813020,465,84
d156d457-473e-405f-af31-22e9a44ad2f2,17,86667a26-5f8a-4e22-8b24-b9b05edda6eb,04dacf9c-0f8a-49cd-9d56-d1173739f90d,82,10
d156d457-473e-405f-af31-22e9a44ad2f2,18,8eb1ce15-a910-46b3-abee-df5d610f4b4e,97fddcc8-efbd-410f-b2f1-54413a962c4b,156,26
d156d457-473e-405f-af31-22e9a44ad2f2,19,8fa78079-26aa-4456-9d5b-6faab21778a0,8eb1ce15-a910-46b3-abee-df5d610f4b4e,181,42
d156d457-473e-405f-af31-22e9a44ad2f2,20,920a4fc5-a526-4b0e-9e20-df0d88fea3be,f003f2c6-281e-422a-8baf-ff5585135c28,72,16
d156d457-473e-405f-af31-22e9a44ad2f2,21,97fddcc8-efbd-410f-b2f1-54413a962c4b,c12d429c-2505-4899-b9fe-c9ce1842b7ce,114,14
d156d457-473e-405f-af31-22e9a44ad2f2,22,a64af06f-66f7-47e9-b3f4-84aca5696767,ae3659cd-d438-475d-a4fe-43cbbca0c24c,105,28
d156d457-473e-405f-af31-22e9a44ad2f2,23,ae3659cd-d438-475d-a4fe-43cbbca0c24c,51226a6f-d93c-4d30-9f2e-616520ca4fef,115,32
d156d457-473e-405f-af31-22e9a44ad2f2,24,b4004f8c-a56b-4f1f-8f69-2d72c39a9fcf,4cfa4ecc-863c-4861-8ca5-5cc55c0d011a,289,67
d156d457-473e-405f-af31-22e9a44ad2f2,25,c12d429c-2505-4899-b9fe-c9ce1842b7ce,2b4ab56e-c7bc-4962-84f8-fab85b5f2482,181,27
d156d457-473e-405f-af31-22e9a44ad2f2,26,c9fedac0-891d-4f79-8832-32f659037303,5e3cdb73-d1a4-483d-a64b-3c46584afcfd,281,33
d156d457-473e-405f-af31-22e9a44ad2f2,27,d233d757-4d81-4587-b0e4-cf52ce792520,920a4fc5-a526-4b0e-9e20-df0d88fea3be,220,57
d156d457-473e-405f-af31-22e9a44ad2f2,28,d2a2af9d-71c6-4766-a964-5fc4b9d66eb7,293b115e-8312-4b6d-813d-3107e2bd5088,437,42
d156d457-473e-405f-af31-22e9a44ad2f2,29,e1891b11-98c3-4107-b485-7fdacc8f9d25,54d9b966-7098-4216-9f75-cf0b71e64187,142,58
d156d457-473e-405f-af31-22e9a44ad2f2,30,e4aed314-6f01-43ff-a537-90e485ec12fd,d2a2af9d-71c6-4766-a964-5fc4b9d66eb7,97,16
d156d457-473e-405f-af31-22e9a44ad2f2,31,ea8d68f1-43fe-4539-9b7b-91a5e173abe3,b4004f8c-a56b-4f1f-8f69-2d72c39a9fcf,440,102
d156d457-473e-405f-af31-22e9a44ad2f2,32,f003f2c6-281e-422a-8baf-ff5585135c28,a64af06f-66f7-47e9-b3f4-84aca5696767,48,11
d2dba04e-c0ea-4bdd-bfee-4a89612087fd,0,0a35c91d-c9ac-4ebf-b0c8-085061126204,3f7ec7da-fd64-40f5-a14a-1d4021f00f01,1943,249
d2dba04e-c0ea-4bdd-bfee-4a89612087fd,1,0a35c91d-c9ac-4ebf-b0c8-085061126204,a6d86779-92b2-4ba2-bdae-70231f2cbc97,398,47
d2dba04e-c0ea-4bdd-bfee-4a89612087fd,2,3f7ec7da-fd64-40f5-a14a-1d4021f00f01,0a35c91d-c9ac-4ebf-b0c8-085061126204,1937,265
d2dba04e-c0ea-4bdd-bfee-4a89612087fd,3,6760bc65-de0e-452d-8b14-e5b03e69e829,a6d86779-92b2-4ba2-bdae-70231f2cbc97,242,34
d2dba04e-c0ea-4bdd-bfee-4a89612087fd,4,6760bc65-de0e-452d-8b14-e5b03e69e829,cfb5d30f-10db-408a-b79b-ad12871bdf51,148,28
d2dba04e-c0ea-4bdd-bfee-4a89612087fd,5,6eb4b1a7-82ac-43ae-92ed-422f44b5a79c,f76699d8-bd84-4596-a9f5-5a6f99a5d38f,1138,234
d2dba04e-c0ea-4bdd-bfee-4a89612087fd,6,7ee14732-45ab-43b8-9796-11b2c5b6031b,a1178fb9-edcd-4579-9f1b-0247600450c0,717,62
d2dba04e-c0ea-4bdd-bfee-4a89612087fd,7,a1178fb9-edcd-4579-9f1b-0247600450c0,6760bc65-de0e-452d-8b14-e5b03e69e829,196,33
d2dba04e-c0ea-4bdd-bfee-4a89612087fd,8,a6d86779-92b2-4ba2-bdae-70231f2cbc97,0a35c91d-c9ac-4ebf-b0c8-085061126204,398,44
d2dba04e-c0ea-4bdd-bfee-4a89612087fd,9,a6d86779-92b2-4ba2-bdae-70231f2cbc97,6760bc65-de0e-452d-8b14-e5b03e69e829,242,34
d2dba04e-c0ea-4bdd-bfee-4a89612087fd,10,f76699d8-bd84-4596-a9f5-5a6f99a5d38f,6eb4b1a7-82ac-43ae-92ed-422f44b5a79c,1209,281
d73a82b6-627d-405b-9431-421535f4e021,0,0a35c91d-c9ac-4ebf-b0c8-085061126204,300dd201-53e0-4a32-a92c-0788d5cacc84,2458,248
d73a82b6-627d-405b-9431-421535f4e021,1,0a35c91d-c9ac-4ebf-b0c8-085061126204,a6d86779-92b2-4ba2-bdae-70231f2cbc97,398,44
d73a82b6-627d-405b-9431-421535f4e021,2,300dd201-53e0-4a32-a92c-0788d5cacc84,3f7ec7da-fd64-40f5-a14a-1d4021f00f01,2997,346
d73a82b6-627d-405b-9431-421535f4e021,3,3f7ec7da-fd64-40f5-a14a-1d4021f00f01,0a35c91d-c9ac-4ebf-b0c8-085061126204,1937,287
d73a82b6-627d-405b-9431-421535f4e021,4,6760bc65-de0e-452d-8b14-e5b03e69e829,a6d86779-92b2-4ba2-bdae-70231f2cbc97,242,34
d73a82b6-627d-405b-9431-421535f4e021,5,6eb4b1a7-82ac-43ae-92ed-422f44b5a79c,f76699d8-bd84-4596-a9f5-5a6f99a5d38f,1138,251
d73a82b6-627d-405b-9431-421535f4e021,6,7ee14732-45ab-43b8-9796-11b2c5b6031b,a1178fb9-edcd-4579-9f1b-0247600450c0,717,62
d73a82b6-627d-405b-9431-421535f4e021,7,a1178fb9-edcd-4579-9f1b-0247600450c0,6760bc65-de0e-452d-8b14-e5b03e69e829,196,33
d73a82b6-627d-405b-9431-421535f4e021,8,a6d86779-92b2-4ba2-bdae-70231f2cbc97,0a35c91d-c9ac-4ebf-b0c8-085061126204,398,44
d73a82b6-627d-405b-9431-421535f4e021,9,a6d86779-92b2-4ba2-bdae-70231f2cbc97,e481276e-6ef7-4e67-9c2a-9b0b4c0f6733,248,35
d73a82b6-627d-405b-9431-421535f4e021,10,b9b39ee8-15e5-47c1-8cc5-8dc0b01f9152,6eb4b1a7-82ac-43ae-92ed-422f44b5a79c,1208,277
d73a82b6-627d-405b-9431-421535f4e021,11,e481276e-6ef7-4e67-9c2a-9b0b4c0f6733,cfb5d30f-10db-408a-b79b-ad12871bdf51,142,27
